date,ret
2001-01-31,-0.07636563517033308
2001-02-28,0.0642514909327005
2001-03-31,0.014303695311396067
2001-04-30,-0.04650265750768407
2001-05-31,0.01850564198448377
2001-06-30,0.15299815299214836
2001-07-31,-0.04728946361003157
2001-08-31,0.036613225546070584
2001-09-30,0.056148184929635574
2001-10-31,0.03652981896166384
2001-11-30,-0.1163997647056895
2001-12-31,0.0036664608777083954
2002-01-31,-0.07513630005650511
2002-02-28,0.09635390732689676
2002-03-31,-0.03654858038767796
2002-04-30,0.09361049858865636
2002-05-31,0.007335416416343138
2002-06-30,0.1185376145830032
2002-07-31,0.09125998067191585
2002-08-31,-0.1523468705865094
2002-09-30,0.023200404649082025
2002-10-31,-0.10808999707260501
2002-11-30,-0.12418684332726625
2002-12-31,0.016553167325958976
2003-01-31,0.022446922405800065
2003-02-28,-0.05044876116177344
2003-03-31,0.017172284821930173
2003-04-30,-0.040167035198098056
2003-05-31,-0.08970411484289345
2003-06-30,0.028187503071376324
2003-07-31,-0.0016366911929136876
2003-08-31,0.011581804984526116
2003-09-30,0.014497634164435589
2003-10-31,0.01871024004001173
2003-11-30,0.04560253578189985
2003-12-31,-0.1791503059794338
2004-01-31,0.07534461824561034
2004-02-29,-0.04004663342833974
2004-03-31,0.01911714793142539
2004-04-30,-0.10012578643900166
2004-05-31,0.006560310207692866
2004-06-30,-0.039934404090986426
2004-07-31,-0.04577095748923268
2004-08-31,-0.03467685200861527
2004-09-30,0.02684505249077894
2004-10-31,0.0596704732833482
2004-11-30,-0.08177996108094265
2004-12-31,0.056256943556607764
2005-01-31,-0.016064233516958133
2005-02-28,0.024294706045397484
2005-03-31,-0.029040378894220106
2005-04-30,0.007864484438761766
2005-05-31,0.006635701595544251
2005-06-30,-0.011596701167138393
2005-07-31,-0.05420182411497283
2005-08-31,0.02285244290765101
2005-09-30,0.010248266075019798
2005-10-31,-0.03239260180931081
2005-11-30,2.0348200400657768e-05
2005-12-31,-0.005589803435693411
2006-01-31,-0.049923917735520226
2006-02-28,0.049434757054615905
2006-03-31,0.009285888919021427
2006-04-30,-0.04939416959763386
2006-05-31,-0.008938685053940144
2006-06-30,0.037163208087633286
2006-07-31,0.08528956195444513
2006-08-31,0.05730402861850077
2006-09-30,0.08795506311502388
2006-10-31,-0.062469060440224336
2006-11-30,-0.057015670804419216
2006-12-31,0.07316444955061645
2007-01-31,-0.014077322357129086
2007-02-28,0.005199894673155047
2007-03-31,-0.02593425173962633
2007-04-30,-0.005304393419474335
2007-05-31,0.015081862915998312
2007-06-30,-0.04550433843342443
2007-07-31,-0.027401835336586754
2007-08-31,-0.03909830602421525
2007-09-30,0.040138083554743
2007-10-31,0.08192105779530864
2007-11-30,0.060888798491942744
2007-12-31,0.012111610723851843
2008-01-31,0.08773753694368709
2008-02-29,-0.13047576767376312
2008-03-31,-0.06792382670396052
2008-04-30,0.19263407100868069
2008-05-31,-0.012275013501548679
2008-06-30,0.24888652919335089
2008-07-31,-0.11363096079324507
2008-08-31,-0.013261306456836361
2008-09-30,-0.062119652470852875
2008-10-31,-0.030572526998410232
2008-11-30,-0.14120002561514639
2008-12-31,-0.0077613629882179545
2009-01-31,0.08815008974121027
2009-02-28,0.02545059979768649
2009-03-31,0.0026130683402469657
2009-04-30,-0.15101210023350156
2009-05-31,-0.1370754798456125
2009-06-30,0.053686937982665245
2009-07-31,-0.10211138461255101
2009-08-31,0.09347922700979595
2009-09-30,-0.06660391201141311
2009-10-31,0.017564899404289284
2009-11-30,0.028208562825672467
2009-12-31,-0.019571718663530295
2010-01-31,0.026242352596335086
2010-02-28,0.012761868287015393
2010-03-31,0.04460281514403609
2010-04-30,-0.1401080775624186
2010-05-31,-0.0698000324721013
2010-06-30,0.07638777855651951
2010-07-31,0.01457148011911754
2010-08-31,0.0592610248447071
2010-09-30,0.024988703583993337
2010-10-31,0.027222931133665793
2010-11-30,-0.0828102624684025
2010-12-31,0.005398120876619634
2011-01-31,0.003025307780937335
2011-02-28,-0.0032668369632343347
2011-03-31,0.03980612878661208
2011-04-30,-0.012272870108988991
2011-05-31,0.06873428421765651
2011-06-30,-0.04027829955051958
2011-07-31,0.005670054562553464
2011-08-31,-0.007011213443790021
2011-09-30,-0.0003032952193778495
2011-10-31,-0.057935465899957656
2011-11-30,0.05363723119132135
2011-12-31,0.034383759326786605
2012-01-31,-0.07066431039624105
2012-02-29,0.11428244719472708
2012-03-31,-0.027007808811440166
2012-04-30,0.06237151760847705
2012-05-31,0.05169859854415714
2012-06-30,0.027778160104367042
2012-07-31,-0.004463408875560505
2012-08-31,-0.08605708918251581
2012-09-30,-0.07271476633448352
2012-10-31,-0.007477124400096861
2012-11-30,0.01586591547990512
2012-12-31,0.05735447020411577
2013-01-31,-0.014244196481470489
2013-02-28,-0.09244251636832658
2013-03-31,-0.010105583279313192
2013-04-30,0.028116126910733008
2013-05-31,0.042507487962450435
2013-06-30,-0.009752008003442633
2013-07-31,0.01020405401052504
2013-08-31,0.023728429943931824
2013-09-30,0.01668814566939513
2013-10-31,-0.03726470148296765
2013-11-30,0.021282998991828297
2013-12-31,-0.0007316449112200231
2014-01-31,-0.0025491378111772117
2014-02-28,0.004178999735688194
2014-03-31,-0.044668764687190075
2014-04-30,-0.04875955225218818
2014-05-31,0.020762168662313837
2014-06-30,0.06303954753854704
2014-07-31,-0.01121369060261429
2014-08-31,0.011799159373951401
2014-09-30,-0.007496715265348985
2014-10-31,0.02318290465956729
2014-11-30,-0.0034214556235113635
2014-12-31,0.020172268415376587
2015-01-31,-8.640667733438977e-05
2015-02-28,-0.03393963221101366
2015-03-31,0.002287533304522032
2015-04-30,-0.006711466328058838
2015-05-31,-0.01973948382366074
2015-06-30,0.02538796641122913
2015-07-31,-0.0019977521586137387
2015-08-31,-0.0010745743699858293
2015-09-30,0.029287554625953824
2015-10-31,-0.03821428720844645
2015-11-30,0.012685257118631752
2015-12-31,0.036534658183922764
2016-01-31,0.02653566683842694
2016-02-29,0.040534382456504425
2016-03-31,-0.006308215064520232
2016-04-30,-0.04567651001682258
2016-05-31,0.01403386744839844
2016-06-30,-0.0005061910777506406
2016-07-31,-0.021552090495012076
2016-08-31,-0.009126074205714
2016-09-30,-0.02575002706221873
2016-10-31,0.007918445261485113
2016-11-30,0.0067603302803760975
2016-12-31,-0.017592973824758263
2017-01-31,0.05056752367167508
2017-02-28,0.021921778209702744
2017-03-31,0.011107265740171329
2017-04-30,0.03353580777953198
2017-05-31,0.006757257055298366
2017-06-30,-0.006444815748295189
2017-07-31,0.03612097187967528
2017-08-31,0.03166225812710845
2017-09-30,-0.02343440475441471
2017-10-31,0.02022876705644874
2017-11-30,-0.005593033925906864
2017-12-31,-0.011212357508978298
2018-01-31,-0.0065187509925524545
2018-02-28,0.030059669682158868
2018-03-31,-0.04612338583494814
2018-04-30,-0.01344239025166864
2018-05-31,-0.013267213034056834
2018-06-30,-0.0036062535365419274
2018-07-31,-0.01727608536830323
2018-08-31,0.011189537598236899
2018-09-30,-0.0013463361766409632
2018-10-31,0.039174793135961464
2018-11-30,0.02686830199257797
2018-12-31,0.006306872505834758
2019-01-31,-0.023516419576188448
2019-02-28,-0.013089289013082874
2019-03-31,0.01195942984162713
2019-04-30,0.035925275569455364
2019-05-31,0.01974511138755327
2019-06-30,-0.010506962176419846
2019-07-31,0.000307290448611941
2019-08-31,0.012282889911568878
2019-09-30,-0.019587685960657658
2019-10-31,-0.02044904917712579
2019-11-30,0.0035309010330220134
2019-12-31,-0.01859824199776547
2020-01-31,0.007497949663957004
2020-02-29,-0.003715837855953665
2020-03-31,0.08805864361735055
2020-04-30,-0.10517353181129671
2020-05-31,-0.029614143087089182
2020-06-30,-0.01210209240111339
2020-07-31,-0.0051113511556006
2020-08-31,-0.01996364244212563
2020-09-30,-0.008098541619805798
2020-10-31,0.001877147116941975
2020-11-30,-0.0358533252689151
2020-12-31,0.005154236473104059
2021-01-31,-0.03523787884292875
2021-02-28,-0.03954689468022213
2021-03-31,0.02470801919056793
2021-04-30,0.022285357560648783
2021-05-31,-0.06234202978745048
2021-06-30,-0.006739186712044539
2021-07-31,0.08467401305465388
2021-08-31,-0.02100795514839613
2021-09-30,-0.05292808697592371
2021-10-31,-0.04863190915428193
2021-11-30,-0.001768488339352144
2021-12-31,-0.04585484766572874
2022-01-31,-0.06371534150355103
2022-02-28,-0.04803520621650498
2022-03-31,0.0015662877738005182
2022-04-30,-0.0757232161095849
2022-05-31,-0.029179580185436274
2022-06-30,-0.02198044199610352
2022-07-31,-0.05503469908469148
2022-08-31,-0.005344197384215453
2022-09-30,0.027857022338746616
2022-10-31,-0.07584642706421865
2022-11-30,0.040243628541775565
2022-12-31,0.04194268628536932
2023-01-31,0.0019425552249687818
2023-02-28,0.013094950888932732
2023-03-31,0.0660426089471131
2023-04-30,0.04904133799425754
2023-05-31,-0.03659654703976753
2023-06-30,-0.018095550782436465
2023-07-31,-0.006745735816812022
2023-08-31,0.0055488732847218045
2023-09-30,-0.011592527429725712
2023-10-31,0.05049961474650435
2023-11-30,-0.08902360405323531
2023-12-31,-0.04053766876805304
2024-01-31,0.06247459639110946
2024-02-29,-0.04315628942904667
2024-03-31,0.025530945284508437
2024-04-30,0.014108496459173699
2024-05-31,-0.009204935150980444
2024-06-30,0.014946636767785945
2024-07-31,-0.0064521761960031135
2024-08-31,0.014061180568427551
2024-09-30,-0.017731008096013426
