date,ret,lambda,forecast_prof,forecast_inv,forecast_lowvol,w_prof,w_inv,w_lowvol,R_prof,R_inv,R_lowvol,RF
2009-03-31,-0.04201348360110941,0.3,0.06175508162504359,-0.03080803904412399,0.15019311828379234,0.32826600946260315,0.13888498452459946,0.5328490060127975,0.16045569138111967,0.13055546480672786,-0.21172569629026822,0.0002
2009-04-30,-0.20295451053153438,0.3,-0.09663695471100081,-0.02116472083781018,-0.0056746731522859944,0.015367051329651814,0.4308485479316175,0.5537844007387308,-0.018609259841995685,-0.08557670455542005,-0.29939077728569213,0.0001
2009-05-31,-0.21090865483108437,0.3,-0.1329074378386436,0.1941814001914145,-0.29421799647146596,-0.0656791434142235,0.5483287109277304,-0.38599214565804607,0.09839709428549438,-0.4358994942491863,-0.08956189964126232,0.0
2009-06-30,-0.02522524615729858,0.3,-0.012582708232208195,-0.0699184804024891,-0.21493887434190417,0.37330288173790516,0.11907974631693574,-0.5076173719451591,-0.10396599379964248,0.2426962318301928,0.030169666433750374,0.0001
2009-07-31,-0.08593554406676347,0.3,0.036961375496682755,0.24601367690094295,-0.12385179347300143,0.27773737523546327,0.6752070056115461,-0.047055619152990585,-0.09277337845748322,-0.09698407892299026,-0.11296036849602241,0.0001
2009-08-31,0.09416092490146129,0.3,-0.0522404190759756,-0.02786517085539376,-0.15878750908027328,0.26948945383975836,0.38827066513008196,-0.3422398810301597,0.15242977275657388,0.018958926145539002,-0.13359493256621371,0.0001
2009-09-30,-0.07592653470512602,0.3,-0.0217130707940717,-0.03424671775633556,-0.14892825383597968,0.40876544917623825,0.32765646163991863,-0.2635780891838432,-0.2142945275223745,0.025117993037218345,-0.013049610391161854,0.0001
2009-10-31,-0.09007059070446079,0.3,-0.13700809076805115,-0.04426422764903998,-0.1076420919095833,-0.3774693374358992,0.5454910591196188,-0.07703960344448195,0.1607649132700372,-0.038922487607778,0.10585330214763818,0.0
2009-11-30,0.09566120957184743,0.1,-0.05163324706157632,-0.16749923193967842,-0.03901671776348983,-0.11903707980243335,-0.8261861882455096,-0.05477673195205711,-0.04888517553661614,-0.10695505281054948,-0.02696899910873115,0.0
2009-12-31,-0.02746176497862418,0.1,-0.10102577006567369,-0.1763908138401124,-0.015313299317900656,-0.31245371190528254,-0.6018211668565308,0.08572512123818672,0.02160436678728017,0.039475012100039786,0.03552631267425603,0.0001
2010-01-31,0.001513190166652262,0.1,-0.06757215049229193,-0.18052552299807706,0.0014709787325212428,-0.1654009252235428,-0.6540991787410927,0.18049989603536445,0.02445921075898482,-0.01784663649105575,-0.03387649605330728,0.0
2010-02-28,-0.03339678358441233,0.3,-0.09007119042170861,-0.0709957842292689,0.023786253379195182,0.05769936248390436,0.1714879409951249,0.7708126965209707,-0.020436703604384758,-0.010303386745546015,-0.03950465836166754,0.0
2010-03-31,-0.06217076828056067,0.3,-0.12358191988994305,-0.08752311924457452,0.029294002562119874,-0.14007879349629462,0.07451757329166273,0.7854036332120428,0.014260491513724063,-0.03693562118143685,-0.07310995333871954,0.0001
2010-04-30,-0.050175102200650516,1.0,-0.06411657351794865,-0.04236263176751512,0.007348411154554792,0.2982439352082079,0.31954380558995704,0.38221225920183516,-0.3278981424476136,0.23524636863942527,-0.07208818940923259,0.0001
2010-05-31,0.09245417870155065,0.1,-0.08952995101343808,0.10366648521799648,0.017851733452222587,-0.23408447711657393,0.5211653101338544,0.2447502127495719,-0.06379309883400128,0.13780194950651958,0.02330379492486262,0.0001
2010-06-30,-0.1451787315816242,0.1,-0.1841738156488555,0.05227821921673355,0.008791401386897319,-0.5421962694708163,0.2820016369855668,0.1758020935436168,0.21815349233641773,-0.14710465571487896,0.08297416464717368,0.0001
2010-07-31,-0.007895120377554249,0.1,-0.06881837725155537,-0.02892593849294439,0.03301934346936555,-0.31372901977821166,0.04247165661347838,0.64379932360831,-0.06577267674596443,-0.060586969289469245,-0.040317980890165236,0.0001
2010-08-31,-0.04435216635484475,0.1,-0.07791858426131587,-0.046043501415293425,0.0008325416458194223,-0.4761241774927488,-0.11984194625657518,0.404033876250676,0.19209910260449062,-0.11530473003400936,0.08240031236710724,0.0001
2010-09-30,-0.01684229033919882,0.1,-0.02847789352465077,-0.05825211684446766,-0.023563578423674805,0.12223723247420505,-0.6018887494772814,0.27587401804851347,-0.05928358824121043,-0.024610471113575144,-0.0884765968057098,0.0001
2010-10-31,-0.012838352554153437,0.1,-0.094136633186437,-0.029427518908043047,-0.02395205390904348,-0.8066273000522404,0.04552208959681663,0.1478506103509429,0.012442458840379998,-0.08996550034456721,0.008748641554545921,0.0001
2010-11-30,0.09878545256138038,0.1,-0.05657240409610448,-0.017503150518615153,-0.017177673400480403,-0.413447375387151,0.2604355697769439,0.32611705483590514,-0.1701847432488295,0.15986658817882174,-0.04051284239973213,0.0001
2010-12-31,0.01849162793293668,0.1,-0.08358531943844119,0.03620334113126325,0.0029780533673665274,-0.3208512119188226,0.41097384893879113,0.26817493914238644,-0.02611483496365546,0.0904690349063668,-0.10093320459406578,0.0001
2011-01-31,-0.0040161090308407565,0.1,-0.08329053076161108,0.019603858795170025,0.008928033939772855,-0.33966690058000665,0.3330543310908667,0.3272787683291266,-0.0016755303431117696,-0.019392141631302172,0.005724189013799464,0.0001
2011-02-28,0.02597390590829051,0.1,-0.048278553159840455,0.03868251698211403,0.01057848425510171,-0.11337811389694176,0.508061028390322,0.37856085771273634,0.0452096103026856,0.06768973427282485,-0.008693000569518595,0.0001
2011-03-31,-0.03184480612278749,0.1,-0.06088318365279072,0.010097300554532125,-0.012961440326215417,-0.30136651769530415,0.4406791485153944,0.2579543337893015,0.1966578788987854,0.060858912208388447,0.0023339030512675284,0.0001
2011-04-30,-0.04126185358861424,0.1,-0.07387035248485882,-0.0594796582803533,-0.016891355968645813,-0.4903231965194854,-0.2901310968044837,0.21954570667603082,0.07960605504868098,0.04853483033361415,0.053985593808772596,0.0
2011-05-31,0.06600556038257548,0.3,-0.022185996456101836,-0.04690303267663487,-0.011010592140780217,0.34921152606224887,0.23523924354983972,0.4155492303879115,0.19592366863691807,-0.10377818635859243,0.05294068070249157,0.0
2011-06-30,-0.004615373745359264,0.3,-0.0003106154636917102,-0.08351023488631745,-0.005016770631291521,0.46319405274205505,0.07848840231907596,0.45831754493886906,-0.03849279335820675,0.07428820126130199,0.01611000291166738,0.0
2011-07-31,0.007436421865284807,0.3,-0.04063546814910103,-0.02841615080238419,0.002674169668470041,0.25026328303840084,0.2979573215164303,0.45177939544516893,0.023836136841162908,0.004925971811022348,7.487366221758246e-06,0.0
2011-08-31,0.06506547300902073,100.0,-0.04690560719348592,-0.04318599325317268,0.01292610356076085,0.3331139142316375,0.3331322838509999,0.3337538019173626,0.10316632780002578,-0.011770898656571495,0.103730953451923,0.0001
2011-09-30,0.11145934946257206,100.0,-0.10206094536232474,-0.0675810031108897,0.005137784184325141,0.33285268360801634,0.33318006956954266,0.33396724682244106,0.18871631821043935,0.01357345839384208,0.13211538291089256,0.0
2011-10-31,-0.04968812355435308,100.0,-0.0513964438715388,-0.12268687310130962,0.01706925725662419,0.33333439083876804,0.3326043828536177,0.33406122630761426,-0.2683847781357734,0.25489173283640293,-0.13471888077536628,0.0
2011-11-30,0.055218998114192445,100.0,-0.07901058269792655,-0.07493515055190608,-0.000907969049736241,0.33304983769774654,0.3330768504022097,0.33387331190004377,0.1482319091555895,-0.02179346453252988,0.03926424451100864,0.0
2011-12-31,0.03316364628575626,100.0,-0.030717122251703036,-0.009781482319528766,0.000264925026779661,0.33315068232033623,0.3333472647933978,0.3335020528862659,0.06340200983030703,-0.009227112902925202,0.045328225621430136,0.0
2012-01-31,-0.06859700562268652,100.0,0.03700361680585915,0.016309208679962495,0.02059144085770813,0.3334473889636242,0.3332280952851838,0.333324515751192,0.048121360104445045,-0.16492588674915637,-0.08905738100706911,0.0
2012-02-29,0.13004734250868244,100.0,0.007013429533967034,-0.0897267455447141,-0.012583593930593513,0.33371266252554094,0.33273082553194755,0.33355651194251157,0.1880261077832772,0.2306046409429229,-0.028266943557832394,0.0
2012-03-31,-0.028581955444836066,100.0,0.022687095047398416,-0.052443173511887126,-0.012438715627835824,0.3336916079610764,0.3329260809824656,0.333382311056458,0.023089615120028814,-0.09655884901459927,-0.012417596607672582,0.0
2012-04-30,0.062115372736251666,100.0,0.010792783246884471,-0.04534810595568535,-0.017373070555988687,0.33360530101182073,0.33302953136897584,0.3333651676192034,0.058492668491321446,0.06319139987991317,0.06466574274276667,0.0
2012-05-31,0.045114281845243964,100.0,0.07450126006064413,-0.022810684600091037,-0.008142106099669963,0.3339238190080466,0.3329371514291778,0.33313902956277563,-0.009249263495664642,0.034120277117848166,0.1105932361437552,0.0001
2012-06-30,0.029291798920266492,100.0,0.05432525898813909,-0.00983965403816726,-0.004716642058145119,0.3337350384262527,0.3330795993981079,0.33318536217563954,0.007745216238306797,0.06616377358940119,0.014013657890136616,0.0
2012-07-31,-0.010798041262771122,100.0,0.054844862436504896,-0.01783379583522284,0.0025982290115771182,0.33374088078522673,0.3330003167288772,0.33325880248589607,-0.017189119881303103,-0.06789344603834195,0.05265340225083252,0.0
2012-08-31,-0.08770305899167341,100.0,0.08271301234352255,0.0029588486247368578,0.00928047729944435,0.33383483792747826,0.3330240575846895,0.33314110448783235,-0.17735287831211305,-0.013662135055863441,-0.07188146293030714,0.0001
2012-09-30,-0.07732942152755967,100.0,0.023500194275372307,0.024133102106937705,-0.0019859907768011225,0.33340698319284723,0.33340050337066396,0.33319251343648887,-0.06730121495377991,-0.13339002028551095,-0.03126848940674068,0.0001
2012-10-31,-0.0041494872494336615,100.0,-0.011801896056710334,0.03815638612060018,-0.002070544794870642,0.3331254099181334,0.33361174283565553,0.3332628472462111,0.045333347963945086,-0.020207080929150766,-0.03753751127633789,0.0001
2012-11-30,0.017199042463817045,100.0,-0.04094972036884821,0.07093542542335482,0.0015009120886224307,0.3328101257695551,0.3339155526108981,0.3332743216195468,0.008380054319773438,0.03913137273515512,0.004031218408566383,0.0001
2012-12-31,-0.05346794352033498,100.0,-0.03233704844551029,0.0430534824928553,-0.009110004370684403,0.3329957702944043,0.3337366685497887,0.333267561155807,-0.00036034697249959485,-0.06530828146330049,-0.09467522464218874,0.0001
2013-01-31,-0.043459893403719765,100.0,-0.07448831879537138,0.0033350508205549287,-0.009115757154261083,0.3328470552401205,0.3336127818785342,0.33354016288134525,-0.08696747827132927,-0.05553945869674229,0.012039476522735994,0.0
2013-02-28,0.03606121323285416,100.0,-0.019255486516998776,0.04947516221415503,-0.01463777968868007,0.3330802567240399,0.3337545040795055,0.33316523919645447,-0.09585025192841429,0.17812152810691062,0.025627455894322783,0.0
2013-03-31,-0.0610108782127831,100.0,0.010368619530654662,0.0867218484090273,-0.023325374438043157,0.33318308947540504,0.33393237106660856,0.33288453945798635,-0.11095022675921112,-0.056413515184925565,-0.015638575482431187,0.0
2013-04-30,0.013457361998226273,100.0,0.03249643600321895,0.10935183694997085,-0.029024942327456164,0.33327399123055107,0.33402831328903915,0.3326976954804099,0.06941363831989995,-0.042734608185592056,0.013820867602286483,0.0
2013-05-31,-0.04994315140399169,100.0,0.024494903514438924,0.0860402672101695,-0.025103927316895633,0.33328523817433786,0.3338870609917999,0.3328277008338622,-0.017940673848680366,-0.04884813648975433,-0.08308812292532061,0.0
2013-06-30,0.0035415784496150332,100.0,-0.04710530078813188,0.05201173889314214,-0.017995214269899674,0.3328977122885116,0.33387589646503335,0.3332263912464551,-0.009454967268350122,0.011053786087864493,0.008998454991445621,0.0
2013-07-31,-0.03385956429177804,100.0,-0.05585741495304382,0.02393469149819833,-0.009477583293372283,0.33290449644247355,0.33368974293838966,0.33340576061913685,-0.03580856176437555,-0.05355890346495906,-0.012197378750874968,0.0
2013-08-31,-0.0063182823066978335,100.0,-0.017139646847319535,0.046971502906811735,0.0023755694528729207,0.3330466434103169,0.3336745976745216,0.3332787589151615,0.02699718539647604,-0.027322785287100318,-0.018581096847147285,0.0
2013-09-30,-0.029288033583899496,100.0,-0.02223749978816532,0.05916363480901568,0.006581408245306217,0.33295813663399243,0.33375891645126915,0.3332829469147383,-0.022391863867910033,-0.027813439428006542,-0.03765418250341545,0.0
2013-10-31,0.028415052045942503,100.0,-0.00593489235099,0.06412738988520938,0.0001596774658655202,0.3330717473169008,0.33375916521570453,0.33316908746739476,-0.015066690575549978,0.07343071842380888,0.026788696957899972,0.0
2013-11-30,-0.03749138072394601,100.0,-0.006799145857673874,0.057548525819919025,-0.0057151177974095815,0.33310759954562846,0.33373788341601573,0.33315451703835575,-0.02518333554378722,-0.060614339926833,-0.026634244192286403,0.0
2013-12-31,0.014157584569118833,100.0,0.005586477895942218,0.0630858626358543,-0.00903616446392316,0.3331828633063419,0.3337446135737443,0.33307252311991387,0.018922603000294996,0.02998230285530183,-0.0064656626132050705,0.0
2014-01-31,-0.02727255231227218,0.3,0.01057875458585191,0.056672399965578685,-0.002736040668843205,0.3025486300005221,0.42194570335461534,0.27550566664486265,-0.05642657074559196,-0.001380040497128145,-0.03491205315840483,0.0
2014-02-28,-0.020877275332920924,0.3,-0.022374484069580366,0.06380877322281674,0.0041888102146633785,0.22367779427616566,0.4647733144211942,0.31154889130264013,-0.029887040574122378,-0.01710794538846174,-0.02003182072846596,0.0
2014-03-31,0.09378076374797382,0.1,-0.0259201019425036,0.06611021138258527,0.003410799429793984,0.0524193376897896,0.6590834008901587,0.2884972614200518,0.044340369956027664,0.11213960094164147,0.060822488478764834,0.0
2014-04-30,0.06463383345174278,0.1,-0.02259805243167915,0.042481827013123516,0.0065161244933235225,0.08336221041607084,0.567632267806414,0.34900552177751515,-0.030817384144710188,0.10699043627935155,0.018543015312424155,0.0
2014-05-31,-0.022508640929186106,0.1,0.013566498384707824,0.05348285643556176,-0.002137507059488026,0.2864981458200695,0.503841993896085,0.2096598602838456,0.011075982936474181,-0.04772413817185279,-0.007805330824539365,0.0
2014-06-30,-0.05393002546903714,0.1,0.017288097013900126,0.05831975218823548,-2.6392801728319232e-05,0.29036933842176826,0.4996683413154175,0.20996232026281433,0.032622766580603854,-0.10359546574219873,-0.055435194604265665,0.0
2014-07-31,0.01838798502523973,0.1,-0.03072682746243354,0.04470198428059282,-0.004147738972421756,0.024528633691039876,0.6765673790009525,0.29890398730800755,-0.0120751490193029,0.028761975458519985,-0.0025936168518314352,0.0
2014-08-31,-0.026285796527219338,0.1,-0.053997174293638116,0.02548200820527024,-0.0015014147975434267,-0.1849482047233863,0.4967323186541391,0.3183194766224746,-0.030106202664948636,-0.05921324673490286,-0.00766761538241284,0.0
2014-09-30,0.030116379438029774,0.1,-0.03072446979800854,0.0359992169982676,-0.0068721129696372,0.02717523137660591,0.6710506826355652,0.3017740859878289,0.04482440881389416,0.029450761232110004,0.030272023849710575,0.0
2014-10-31,-0.018899954183414825,0.1,-0.032325930362306014,0.015167093617147982,0.002971269926953443,0.008847968634175783,0.530498047710108,0.46065398365571614,0.03418710725843196,-0.0233261686047597,-0.01482230475152448,0.0
2014-11-30,0.019390480063838172,0.1,-0.0047630861075649705,0.029005819849996516,-0.0025073940580582696,0.23408509290927587,0.4879816026970996,0.27793330439362457,0.04131901806505237,-0.004550382120798998,0.04295568919816694,0.0
2014-12-31,-0.00045478165347354814,0.1,0.01891837079359667,0.0061163167239752965,0.0013100846755378665,0.40807604051309476,0.29826157444272733,0.29366238504417785,0.02600740482914378,-0.025459746957623403,-0.01183030719836608,0.0
2015-01-31,-0.009578499722108204,0.1,0.007444232497944826,0.010919051012495986,-0.0009285202668911936,0.3432911550533273,0.3591593357472391,0.29754950919943374,-0.01911567764597264,0.008716083994137801,-0.020657804536746854,0.0
2015-02-28,-0.035409084210758925,0.1,0.000909619016531419,0.028447946021226952,0.0038994203131811856,0.25468626088613583,0.4413064427828797,0.30400729633098456,-0.031909570221699365,-0.0410826641943423,-0.03010490471550291,0.0
2015-03-31,-0.01806651642362948,0.1,-0.03924608051372959,0.037974849769964694,0.0024298143900425145,-0.05276731726603381,0.5972427370531581,0.34998994568080805,-0.029466977994995577,-0.029529523327601746,-0.005671924261850455,0.0
2015-04-30,0.014167252384295202,0.1,-0.015135576427967555,0.04735034438962677,0.011366204669112687,0.12513942164483285,0.5337203958467003,0.34114018250846695,0.012795568060717919,0.01284195610873998,0.016743874784130548,0.0
2015-05-31,0.031208394294226772,0.1,0.00696610244526851,0.038273643045561655,0.010854801328484378,0.2557190533673063,0.4369251252152136,0.3073558214174801,0.008356958986164436,0.058027365497399445,0.012095904675725595,0.0
2015-06-30,-0.030940552640087333,0.1,0.007956953530723808,0.040953441711351,0.012501857027458874,0.2533864174315114,0.43838770583352304,0.30822587673496554,0.012491982619807177,-0.084116823729073,0.008986688733587314,0.0
2015-07-31,-0.016047518051428494,0.1,-0.0004952949788249762,0.018096955039285052,0.012559187443770785,0.24657492715420815,0.3746203804470344,0.3788046923987574,-0.01700898013320637,-0.09846909752919256,0.06608946844352398,0.0
2015-08-31,-0.01791438684131633,0.1,0.03580854105451296,0.021339452932265916,0.004639050159833142,0.4246733152314476,0.3239397206945666,0.2513869640739859,-0.02813555089245441,-0.009871684323535836,-0.011011464001724355,0.0
2015-09-30,0.03648639810127045,0.1,-0.025237719702478126,0.005037706433920378,0.012054165736702224,0.08162366558068136,0.3916806697020581,0.5266956647172605,0.007128631344083598,-0.04681941886121455,0.10298697720273277,0.0
2015-10-31,-0.040476553406402736,0.1,-0.0006122925441074054,0.007086178002772309,-0.0011320801915173356,0.306085193821649,0.3655758666312093,0.32833893954714166,-0.07523863174027572,-0.038608708814641846,-0.010150212604927947,0.0
2015-11-30,0.013826522889884561,0.1,0.021838043404295085,0.0030553755265310054,0.003807802171307814,0.4222727255219079,0.2709018811130463,0.3068253933650458,0.016237457341899745,0.02393257261875172,0.0015856203260907814,0.0
2015-12-31,0.03535025489150909,0.1,0.0606069516508046,0.028042002023714672,-0.006267958362571872,0.5172829523829222,0.32509057081777687,0.15762647679930097,0.056121083163665625,-0.0069737849424646725,0.05447617179390618,0.0001
2016-01-31,0.018706599668313926,0.1,0.046463296069033405,2.419024340404724e-05,-0.0032015111258204554,0.5532301407910591,0.22534255398438563,0.2214273052245551,0.026880551170621325,-0.10780402791139004,0.12703177465164386,0.0001
2016-02-29,0.042561593293089554,100.0,0.040440268150323734,0.001955802330529669,-0.018760664507843045,0.3336526958632174,0.3332565042680211,0.33309079986876156,0.04249851692871881,0.06285681816024384,0.02231945482453908,0.0002
2016-03-31,-0.006776890559712655,100.0,0.028213464913942762,0.001951013811550193,-0.01618715060736252,0.3335626971984555,0.3332886784719943,0.3331486243295502,-0.035379322403399124,0.01724059965374937,-0.0021664955990632617,0.0002
2016-04-30,-0.04228692586037029,100.0,0.04077542150824242,0.012481504328992848,-0.012781630116630676,0.3335999454587574,0.3333057681543966,0.33309428638684613,-0.09615120411487413,0.0455771322726648,-0.07626072116039945,0.0001
2016-05-31,0.016070628094681797,100.0,0.017375677762760618,0.034633750076715444,-0.02129565187023728,0.33339849959050816,0.3335600473801468,0.3330414530293451,0.009384640594016485,0.04298525360493589,-0.004192752028218176,0.0001
2016-06-30,-0.0019327866388319042,100.0,0.014065488199244452,0.050226570326795714,-0.025661680625384424,0.3333390739756785,0.3336895792480882,0.3329713467762333,0.0014926791628463339,-0.01948787205060972,0.012230916971445939,0.0002
2016-07-31,-0.016035302418087236,100.0,-0.017113679174214802,0.019073051014508,-0.023431371935839718,0.33322763164321545,0.333578688607973,0.3331936797488115,0.05583302911817833,-0.032688076416222366,-0.07123894076399716,0.0002
2016-08-31,-0.007593850167119499,100.0,-0.017728263547738002,0.0017008751950483396,-0.03280021924984426,0.33331277438388773,0.3334962769642287,0.3331909486518836,-0.05829978735151799,0.05826707296068853,-0.022790649721162903,0.0002
2016-09-30,-0.0229625420747572,100.0,-0.03493182418403927,-0.003994673849963784,-0.027623306249522986,0.33319975354033615,0.33349854117625666,0.33330170528340725,-0.03896652458584325,0.02079334628631227,-0.05074518393089859,0.0002
2016-10-31,-0.003912889874168382,0.1,-0.05328059895636103,0.0016027350495440486,-0.01802082180309185,-0.2835647348278042,0.47264030029813053,0.24379496487406527,-0.005683577651871649,-0.039303651811326286,0.053536535251111225,0.0002
2016-11-30,-0.001060358131959236,0.1,-0.052105060667002406,0.00848159569031965,-0.012776914263979349,-0.23070547684862266,0.4889946384541937,0.2802998846971837,-0.1031127708684139,0.005614432235152678,-0.09844622802861518,0.0001
2016-12-31,0.013350120668225222,0.1,-0.07035674385545589,0.005338479500567539,-0.021616848095567118,-0.423760309980607,0.4208253774761222,0.15541431254327082,-0.01503563482456834,0.006230366371555881,0.028032933664802487,0.0003
2017-01-31,-0.05692403035719726,0.1,-0.02369636077778261,0.027530144183806053,-0.024225194760065825,0.12613285281701625,0.7423933914444253,0.13147375573855852,0.0630651299544937,-0.08461855498288384,-0.015656045476154557,0.0004
2017-02-28,-0.027580967606943157,0.1,-0.019388835466812533,0.02299575139150064,-0.006333956253615266,0.1428956719473022,0.5546315696482988,0.302472758404399,0.03622834926847836,-0.0744395018488575,0.02819644281374504,0.0004
2017-03-31,0.002588976494270259,0.1,0.0067933804125352645,0.019648349043191463,-0.018243281347815735,0.3750380228107581,0.4739191811643789,0.151042796024863,0.034168266548842884,-0.027456672573516694,0.018450539991341358,0.0003
2017-04-30,-0.0071706923090564005,0.1,-0.002595148465969182,0.007190191010737222,-0.018801998075883376,0.3607752156536695,0.4562997191105527,0.18292506523577778,0.05818510490092306,-0.06520945171853447,0.008706398015763193,0.0005
2017-05-31,0.0018746769225682323,0.1,0.002134745224940608,0.007261035870910287,-0.013074163262466607,0.3682130419791342,0.4062906249719067,0.22549633304895914,0.033518167136097045,-0.05197352078134702,0.04722562329983712,0.0006
2017-06-30,0.016377630638017202,0.1,0.011024674383034873,0.00909419074799641,-0.014066594666845563,0.41929310756990046,0.3867202162690525,0.19398667616104695,-0.007456399967648498,0.07239291684934186,-0.04377494824200479,0.0006
2017-07-31,-0.0436108899233719,0.1,-0.017772497292673287,0.004986970590084348,-0.01106718942496376,0.20269817787227543,0.48192714363418276,0.3153746784935419,0.02522949603463269,-0.10682043236021092,0.008735016596944504,0.0007000000000000001
2017-08-31,-0.0233826010573579,0.1,-0.004878514302944566,0.014508283499849704,-0.01248789103713066,0.29374120271050624,0.47426414738233164,0.23199464990716212,0.02897097072488245,-0.06184377084525783,-0.011044589140165909,0.0009
2017-09-30,0.052047762394165135,0.1,-0.022565369615602217,0.016729005307105683,-0.0112095257794027,0.1301722559226044,0.5788673935052803,0.2909603505721153,-0.011759181694760668,0.10841169512422844,-0.031542145728205045,0.0009
2017-10-31,-0.002392489983865174,0.1,-0.022953226618368953,0.015688418000847897,-0.009559602484343573,0.12461898435918878,0.5644793301037621,0.3109016855370492,0.08621957342298335,-0.05287771544639053,0.053751049010908554,0.0009
2017-11-30,-0.00332276962684754,0.1,0.007441615623546567,0.005876663452269884,-0.002402974630145053,0.3638104500202289,0.3401089042836305,0.2960806456961406,-0.012420963779868887,-0.0015727505100339035,0.005846424862390922,0.0008
2017-12-31,-0.015692843310424885,0.1,0.03221117938234686,0.043170562276157565,0.0035914174128432418,0.3665935344583147,0.41245222269940857,0.2209542428422767,-0.045353446590684764,0.009142016010465921,-0.012840703178417269,0.0009
2018-01-31,-0.008657448093917405,0.1,0.025753565453961715,0.0432509553278371,0.003737348392942215,0.34228460655981974,0.42750036896326493,0.23021502447691547,0.0069721573619511215,-0.023890771225376903,-0.0036079170838118,0.0011
2018-02-28,-0.016940993980847634,0.1,0.004004097227085791,0.04438566985001889,0.003463518765730103,0.24599486373812907,0.49224236062420385,0.261762775637667,0.03958691487722853,-0.049944873254509796,-0.008000333106593427,0.0011
2018-03-31,0.06247417854205188,0.1,-0.03698584284044716,0.046565626065714995,-0.002283167381901702,-0.030945922149618114,0.6699455616339288,0.299108516216453,-0.06857048157148585,0.09255757922396117,-0.005537581009214896,0.0012
2018-04-30,-0.05981615200270265,0.1,-0.033120035734758815,0.02653216095829726,0.006232581701208018,0.000947944683187607,0.571442435822185,0.4276096194946274,0.06563565160967666,-0.09754634946535193,-0.009672952237415147,0.0014000000000000002
2018-05-31,-0.06276361995154654,0.1,-0.06355647930618805,-0.000893326635047707,0.008648442962065857,-0.2843718404652658,0.28982664944215636,0.42580151009257783,0.08280189863049776,-0.04568367271034693,-0.06100670202525521,0.0014000000000000002
2018-06-30,-0.004196624433491944,0.1,-0.02051581403064636,0.010208396865313829,0.00973897915938362,0.12436628774381743,0.4162400645022313,0.45939364775395136,0.0005105716780203287,0.0008022561701764991,-0.01000025472750244,0.0014000000000000002
2018-07-31,0.0195792152637781,0.1,-0.025537688039252347,-0.007991123930742338,0.0060162344392975,0.10031149872430124,0.3310099474234643,0.5686785538522345,-0.14464191610447494,0.03184595673709289,0.041406756104778446,0.0016
2018-08-31,0.017557724240970112,0.1,0.002749143610711916,0.024642888136268908,0.009425779418157027,0.2606692999279443,0.40642107236277325,0.3329096277092825,0.03762422970124699,0.0499657984110463,-0.037718677088627715,0.0016
2018-09-30,-0.00429524782559596,0.1,0.02555774238983408,0.051759799462053155,0.007957904307454258,0.3180560174578706,0.44294417190202345,0.238999810640106,-0.0601168921810593,0.018406852441353302,0.027916689363177087,0.0015
2018-10-31,0.02511274873547547,0.1,0.01766212364270661,0.04659456466041808,0.007526693216108103,0.29665793667795937,0.44829892116004705,0.25504314216199364,0.007040581071509011,-0.0023629310325348207,0.09442874531067301,0.0019
2018-11-30,0.023551656333460014,100.0,-0.02012526930521482,0.004650664386003232,-0.007146047771500078,0.3332021229269006,0.33344086214214197,0.3333570149309573,-0.026112300860095684,0.03994036429718539,0.056799707403627636,0.0018
2018-12-31,0.002272914853808088,100.0,0.0020278472504811768,0.01357439538009703,-0.005893245609040662,0.33331601173067293,0.3334223461482799,0.3332616421210472,0.042362483847026317,-0.07802750361683779,0.04251594609194549,0.0019
2019-01-31,-0.013262463911975336,100.0,-0.028791420379000905,-0.015802698089295457,-0.007990610318553922,0.3332154122603412,0.33333633277151736,0.3334482549681414,0.09359755643556994,-0.017289858797901014,-0.11602182216872281,0.0021
2019-02-28,-0.012998684415516253,100.0,-0.026281366457897262,-0.0334135327344237,-0.021031367343019237,0.33333446106806464,0.33325404401505,0.3334114949168853,-0.02135602774454269,-0.0037255021360440496,-0.01391207512226713,0.0018
2019-03-31,0.0106444119114099,100.0,-0.033778609873789264,-0.026817525932625343,-0.024677085050587716,0.3332746187813732,0.3333352983409321,0.33339008287769467,0.02739837820752424,-0.019256177592697654,0.02379192414294788,0.0019
2019-04-30,0.038633828563565974,100.0,0.015154857237515099,0.01564771293968824,-0.026117632731020583,0.3334641573803744,0.33346015664126877,0.3330756859783569,0.09754942074159859,0.00667646368785,0.011643775601551987,0.0021
2019-05-31,0.015684980560821116,100.0,0.016341714212543365,-0.0010182743907102658,-0.021068835714614743,0.33351070985035386,0.33332840418693443,0.33316088596271176,-0.022884479600327218,0.013818879695487674,0.05616197839751283,0.0021
2019-06-30,-0.009021018129571672,100.0,0.008305675855164982,-0.001697344981604545,-0.030038585549951882,0.33348938833905656,0.3333806404952054,0.3331299711657381,-0.0067710406654900995,0.0035409249908011087,-0.023844818685032868,0.0018
2019-07-31,-0.00012406281203000038,100.0,-0.00626743829790672,-0.025362767018455634,-0.0221559317840542,0.33344488569817543,0.33324519389278257,0.33330992040904206,0.021501897179050336,-0.02611877490125132,0.0042308844131805886,0.0019
2019-08-31,0.006219900275895447,100.0,-0.004227808337539107,0.008978417516749538,-0.017058614671832416,0.33332698863263993,0.3334504601256228,0.3332225512417374,-0.041189572073902114,-0.006905180315235723,0.06677828907077557,0.0016
2019-09-30,-0.023032432564809253,100.0,0.02129316548737508,0.04884176747496604,-0.03118849693872328,0.33341137665930626,0.33367815298856096,0.3329104703521328,-0.06988069715591895,-0.01046559242179082,0.011290502281638175,0.0018
2019-10-31,-0.019574351987790287,100.0,-0.028410425318774975,0.009325769920093374,-0.021431772478714688,0.333179155721266,0.3335481812738195,0.3332726630049145,-0.01347589560890259,-0.016927744085377,-0.02831989317210478,0.0015
2019-11-30,0.011074633173997418,100.0,-0.026569951889351753,0.0087897319516461,-0.008802311412012985,0.33315115331838396,0.3334963992448054,0.3333524474368106,0.0601159604935579,0.03754336120738106,-0.06441723869314918,0.0012
2019-12-31,-0.0188783914696902,100.0,-0.012184440588912111,0.015893443159057653,-0.006760748051334969,0.33321660863330743,0.33348900443430995,0.33329438693238267,-0.009260298596971717,-0.031260081364188515,-0.016105320023543493,0.0014000000000000002
2020-01-31,0.0022898254576352965,100.0,-0.027199349308198523,-0.002253766768382577,-0.005964923283866313,0.3331743223885779,0.3334155066121,0.33341017099932213,0.030391472276621263,-0.07780842164448697,0.05430758618579179,0.0013
2020-02-29,-0.004195361468379856,100.0,0.012801473431838933,0.01859195810853683,-0.011944609794075762,0.3333915062693424,0.3334411017854269,0.33316739194523076,0.04143929435705009,-0.05458246332950795,0.0005677820894592345,0.0012
2020-03-31,0.08109292500143833,100.0,-0.037287774563165066,0.0009448188988819949,-0.016122568936241623,0.33313026003892776,0.3335045161432171,0.3333652238178551,0.09513019100390877,-0.0024223688379162167,0.15061574241888195,0.0012
2020-04-30,-0.09244257202544967,100.0,-0.15896770662022458,-0.11420897487542687,-0.01195770256573857,0.3326872392157639,0.33312827011470186,0.33418449066953426,0.0027569377991524813,-0.05819339866158302,-0.22135648388141888,0.0
2020-05-31,-0.026457398909797137,100.0,-0.06411303060613464,-0.11989847867396568,-0.050373391843455205,0.33346919882877607,0.3329020181453013,0.3336287830259227,0.026043095354396625,-0.047473121001307184,-0.05796283848254003,0.0001
2020-06-30,0.024015671626581653,0.1,-0.006230817277176535,0.006197674607844903,-0.048524869200371815,0.33725899803857545,0.465587860277373,-0.19715314168405149,0.05047563400581184,-0.010491723586306585,-0.06024316381741242,0.0001
2020-07-31,-0.007594450205643917,0.1,-0.008894434161125668,0.029048861351064534,-0.061178224284791936,0.22024573821716065,0.5235024508683983,-0.25625181091444105,0.05287571681924423,-0.04565754424109892,-0.018192007322610483,0.0001
2020-08-31,-0.01950488154913453,100.0,0.013710161164410577,-0.019969182750882164,-0.04154678118456197,0.3336254645432954,0.333280486186985,0.3330940492697195,0.09212510810461386,-0.12701892838795495,-0.023738740892808252,0.0001
2020-09-30,-0.00852136509589785,100.0,0.022220224055538883,-0.014263655397262327,-0.034277834354622325,0.33363899149860865,0.3332659118585469,0.33309509664284437,-0.07345029052382726,0.05247827733236238,-0.004517344155915832,0.0001
2020-10-31,0.004907930883584532,100.0,0.005494404151353156,-0.00918824202974956,-0.027218179551844725,0.333487006433671,0.333332053165371,0.33318094040095797,0.039997485476009245,6.171049096554641e-06,-0.025309874601474408,0.0001
2020-11-30,-0.022535042563615364,100.0,-0.024036230260235335,-0.01928245660866198,-0.027728144823085048,0.3333254371300943,0.3333649729221027,0.333309589947803,-0.077817432290635,0.16581550192918693,-0.1556318654012017,0.0001
2020-12-31,0.009776406640950117,100.0,-0.017905586637512867,0.02923397610086149,-0.03029544579599834,0.33321310815368527,0.33367678226021086,0.3331101095861039,-0.04561120285376202,0.11076701818322106,-0.03598127031433413,0.0001
2021-01-31,0.0811658655185682,0.1,-0.007482561659716329,0.03273184911482334,-0.030642593218699873,0.28286899064929655,0.6831746097679788,0.033956399582724735,-0.09355990057214242,0.16457126020824314,-0.14135321683439742,0.0
2021-02-28,0.11017559201111694,0.1,-0.04018643273615466,0.06532578210290654,-0.041131080202541456,-0.054637311432145244,0.8785848836870626,-0.06677780488079227,-0.12384388002374576,0.11178234744556656,-0.07785243390142892,0.0
2021-03-31,-0.09809140285531269,0.1,-0.08182359278184895,0.0576224823086201,-0.04512540173179269,-0.3270503873017518,0.5974242310655217,-0.07552538163272667,0.11181848475085257,-0.09150800191564382,0.09072481702345246,0.0
2021-04-30,-0.03269818276274595,0.1,-0.04431428556128937,0.022071894700038105,-0.01882504868517507,-0.13278639363695935,0.6660129907541429,0.20120061560889776,0.06411533228825424,-0.04397098076287148,0.02535134088672232,0.0
2021-05-31,0.04408433327728319,0.1,0.012592683512483487,0.012775325255177713,-0.008266567066819757,0.3918888875086648,0.3829588791652772,0.22515223332605788,-0.04533435585657564,0.16074472370513856,0.0012957647973405543,0.0
2021-06-30,0.008727215469981908,0.1,0.011891522868054704,0.013600860285908352,-0.02206980526787369,0.4420837883146077,0.4427926338405006,0.1151235778448916,-0.05240679250419686,0.09673378735687564,-0.09500746811569302,0.0
2021-07-31,-0.04864395082603286,0.1,-0.011289037909949133,0.01725951960268398,-0.017240032684628127,0.25227456974832235,0.5524446332451589,0.19528079700651874,0.16968220111060522,-0.18464812225934765,0.054062709890829945,0.0
2021-08-31,0.022181320648515305,0.1,-0.0126407807646269,-0.009724357852091223,-0.02203014259280235,0.37294599916166715,0.4125447143733622,0.21450928646497064,0.003806775868992779,0.03529784833583823,0.028901583520856238,0.0
2021-09-30,-0.014358532817373397,0.1,-0.02259361609987071,-0.026263105572126397,-0.03322426228935055,0.6082649203960321,0.38852678899733734,0.003208290606630552,-0.09403498178403762,0.11043543918861264,-0.021032598289678416,0.0
2021-10-31,0.0317989425572508,0.1,-0.03911998261214489,-0.01769348926804966,-0.03245495523097035,-0.2581998408933333,0.687621542354243,0.05417861675242361,-0.04947312911775546,0.02233157837702468,0.06772624226461972,0.0
2021-11-30,-0.0003812648414392218,0.1,-0.0068920706154354874,0.028636435956862234,-0.02567336131042423,0.2836168239284397,0.6277227231039078,0.08866045296765256,0.05292732966277289,-0.03439560285352426,0.06991342023560322,0.0
2021-12-31,0.0033626061369198277,0.1,-0.004849419606200481,0.01927514945180711,-0.022974460529885405,0.3178494475197644,0.559417148630321,0.12273340384991462,0.019696530929700896,-0.04018424930760853,0.1595477043423039,0.0001
2022-01-31,-0.020685350412961306,0.1,0.02465196148272491,0.019584038340611176,-0.03886397879612624,0.5053190125131067,0.4430787961479485,-0.0516021913389446,-0.04416902204579448,0.01690461024186575,0.11348312954313239,0.0
2022-02-28,-0.06583556937145622,0.1,-0.00950985740223733,0.0011727778421718182,-0.022956989404497835,0.3507899347359257,0.4884001080172682,0.1608099572468061,-0.20637760152841292,0.033004867391469475,-0.05944883614864935,0.0
2022-03-31,-0.0021952656820739247,0.1,-0.03518087995808715,0.028426540861300496,-0.024294427906429796,-0.017385947252603718,0.8379929213062093,0.14462113144118705,0.007997086603937671,-0.00323133143920773,0.004505594097857755,0.0
2022-04-30,0.04089769520163379,0.1,-0.06299176184356003,-0.012492629661371386,-0.02808582847497334,-0.5320247474138208,0.3567685168775596,0.11120673570861975,-0.007751528620686635,0.059875878377232426,0.13858748502552296,0.0
2022-05-31,0.03612344886736495,0.1,-0.05633651503717945,-0.016785413551144233,-0.015360981015002917,-0.3948747378954662,0.2716651062448027,0.33346015585973116,-0.08958139174038099,-0.05431989093273596,0.046502824857856916,0.0003
2022-06-30,0.01432949515398827,0.1,-0.017614813254163274,-0.01368721551085618,-0.019221488911338055,0.31574918237160393,0.38548628763987597,0.2987645299885202,-0.00033635221274158633,-0.011810552303460634,0.06355675505829808,0.0006
2022-07-31,-0.0546090429865183,0.1,-0.010214332095149943,-0.009487643284999896,-0.003895933873886835,0.29662983981039426,0.3033531842662692,0.4000169759233365,-0.08282841431023166,0.044243160759358746,-0.10864780754857403,0.0008
2022-08-31,-0.0026991995982330232,100.0,0.014364089837857134,-0.004920177025431453,-0.026169001102434634,0.3335283276204969,0.33332997779943924,0.3331416945800638,0.0029825456446193454,0.01799587153633351,-0.02909430634625327,0.0019
2022-09-30,0.023371104285631602,100.0,-0.03223490959947192,-0.02524155250170826,-0.044991525110887165,0.3333481525654947,0.3334126975301455,0.33323914990435977,-0.02958100699339339,0.031516349811298416,0.06819104873343776,0.0019
2022-10-31,-0.08826640469036959,100.0,-0.054027497426324095,-0.03198976629040568,-0.03896624000205815,0.33320517384144055,0.3334203234646038,0.3333745026939557,-0.2706891779278607,-0.03044582388198136,0.03623518369683487,0.0023
2022-11-30,0.04124900155507129,100.0,-0.012859301646016105,0.0222075325238383,-0.020100828984823564,0.33323562982748195,0.3335816731311554,0.3331826970413626,0.06330825849973859,0.029286754214609106,0.031162811818678145,0.0029
2022-12-31,0.0422385897064995,100.0,0.03744220169555312,0.034158988637916936,-0.011485736450266602,0.3335022996798316,0.3334649161480846,0.3330327841720839,0.04155988461204424,0.045861353316294866,0.039290787267168975,0.0033
2023-01-31,0.014942251614669545,100.0,0.011408307469522774,0.016267742487704583,-0.011264807212712894,0.33338775030364853,0.3334317799120496,0.33318046978430194,0.08363923839217575,0.07588739785703469,-0.11478858912448586,0.0034999999999999996
2023-02-28,0.018202060860580807,100.0,0.03896529354263641,-0.020773774403802125,-0.03538635150370424,0.33377539214740176,0.3331733901617677,0.3330512176908305,0.11720340772268652,-0.03051775884703274,-0.0322768594344085,0.0034000000000000002
2023-03-31,0.06807037086084113,100.0,-0.03220894532187903,-0.05588168016278352,-0.03732999287924546,0.3334243786795129,0.33318298188716056,0.3333926394333266,0.197552934188417,-0.04145939659221952,0.048036369170634655,0.0036
2023-04-30,0.05147888933771342,100.0,0.028090567934659687,-0.06549048563109268,-0.03258500291371489,0.3338424776847265,0.33290234751416287,0.3332551748011106,0.09575758117952637,0.03117760337134577,0.027401956572489755,0.0034999999999999996
2023-05-31,-0.02767465033761565,3.0,0.05156631204699448,-0.03098192140206465,-0.018421991292036,0.35007968552151736,0.32249917760782687,0.3274211368706558,0.07092165444679988,-0.06669069206338216,-0.0946645893869821,0.0036
2023-06-30,-0.0020727579314144665,0.1,0.036784946563216465,-0.04224604120610129,-0.020154087345552348,0.770974355142464,-0.08529131224274078,0.14373433261479515,-0.0011713384736388166,-0.026963421329738863,-0.024137807103557896,0.004
2023-07-31,0.01266313974972989,0.1,0.012587537503792979,-0.020596244176154476,-0.01053479560975343,0.5544672422040904,0.15848216274996607,0.2870505950459436,0.05388718221151435,0.013614072778317915,-0.06749028078440425,0.0045000000000000005
2023-08-31,-0.015961814465257657,0.1,0.013527708468261039,-0.003355077529665195,-0.011433282256662972,0.4709009421325039,0.2990454832604676,0.2300535746070285,-0.04904452951852913,-0.035731282085744026,0.07745404191500938,0.0045000000000000005
2023-09-30,-0.012264805411616796,0.1,0.017929891035984087,0.01746132990103277,-0.0024249864046443333,0.38341241625200695,0.3735389596299756,0.2430486241180174,0.03629124222183871,-0.06546344158966329,-0.007102169048445843,0.0043
2023-10-31,0.05522835994997273,0.1,-0.022392523996306445,-0.012526529854652614,0.0016937309016033675,0.1571537746616335,0.30145482472631896,0.5413914006120476,0.06645654215096772,-0.03268584550869348,0.10092101438455518,0.004699999999999999
2023-11-30,-0.09456859945612273,0.1,-0.01713268059257817,-0.00558368922996509,0.013105440130600722,0.17225088706715272,0.29750248070428376,0.5302466322285636,-0.09480133822508859,-0.02067340239154135,-0.13595295467061586,0.0044
2023-12-31,-0.027153201289019515,0.1,0.017270105375022056,0.009600319138467117,0.0028460070920519357,0.3857693505082588,0.3244229705764374,0.28980767891530396,-0.04991655518972227,0.09922500207805837,-0.13832550708638466,0.0043
2024-01-31,0.04008516579989468,0.1,0.03208095536823605,0.04993386938212434,-0.015775680707511466,0.39720851779353367,0.4908220187998512,0.11196946340661514,0.09374128360156943,-0.016629597250601383,0.0983527262145476,0.004699999999999999
2024-02-29,-0.043361575388146285,0.1,0.009240191372390044,0.031281575539027606,-0.016548288601680238,0.3464753061726377,0.509712269568495,0.14381242425886737,0.1308054349873651,-0.1469637507367111,-0.09577198676060715,0.0042
2024-03-31,0.015550820507021505,0.1,-0.0022117989950758594,-0.010604191279295745,-0.031317478465898343,0.5620752401943427,0.4022190293276764,0.035705730477980875,-0.06725360883421083,0.13123917813029615,0.015838186239207096,0.0043
2024-04-30,-0.01781599705182499,0.1,0.02404670691258635,0.002674460147594815,-0.023033246398744003,0.554877881714451,0.3435865034522378,0.10153561483331132,-0.042597044705767716,-0.003757791230335511,0.07003736810001167,0.004699999999999999
2024-05-31,-0.012892698337443487,0.1,-0.02428654832121156,-0.0010310002883272829,-0.021273015765945577,0.17258587686415527,0.586916717170608,0.2404974059652368,-0.04128542704350376,-0.01889043768352585,0.022119560667821093,0.0044
2024-06-30,-0.004512094475613379,0.1,0.019913106676762694,0.03543698854878019,-0.003767913948342036,0.35188832254834035,0.4433640950930296,0.20474758235863008,0.10193870252889906,-0.11173117626991766,0.044710947225228816,0.0040999999999999995
2024-07-31,-0.0012759431630655525,0.1,0.011377289022654467,0.01041197781670026,-0.006809036191060885,0.3869971001907645,0.3727407109698771,0.2402621888393584,-0.1480168303018236,0.1724776061448133,-0.03447602237225005,0.0045000000000000005
2024-08-31,0.0004086336694847834,0.1,0.010270707619454013,0.02431989701347769,-0.00793536611161205,0.3449054088383994,0.44461372386792003,0.21048086729368048,0.09888548483237741,-0.0888792623847453,0.027648284585344796,0.0048
2024-09-30,-0.014693970964687513,0.1,0.00281470739515571,0.01218195268210464,-0.01886070733077687,0.3782185381903494,0.4633743402174746,0.158407121592176,0.008508546379602966,-0.02867177639970738,-0.029205097724955255,0.004
