signal_date,date,p_cyclical,w_cyclical,w_defensive,cyclical_next,defensive_next,strategy_gross,converged,used_fallback,mean_gap_fit,warning_count,turnover,strategy_0bps,strategy_25bps,strategy_50bps,strategy_75bps
1994-12-31,1995-01-31,0.06117339105420015,0.0,1.0,-0.0023999999999999994,-0.0025000000000000005,-0.0025000000000000005,True,False,0.023640458111914064,0,0.0,-0.0025000000000000005,-0.0025000000000000005,-0.0025000000000000005,-0.0025000000000000005
1995-01-31,1995-02-28,0.09508555928263086,0.0,1.0,0.0024999999999999996,0.0010499999999999997,0.0010499999999999997,True,False,0.023523599929225432,0,0.0,0.0010499999999999997,0.0010499999999999997,0.0010499999999999997,0.0010499999999999997
1995-02-28,1995-03-31,0.12222591707060321,0.0,1.0,-0.0133,0.0005,0.0005,True,False,0.02334623080562619,0,0.0,0.0005,0.0005,0.0005,0.0005
1995-03-31,1995-04-30,0.02218344436953648,0.0,1.0,0.00705,0.0062499999999999995,0.0062499999999999995,True,False,0.02374741587338134,0,0.0,0.0062499999999999995,0.0062499999999999995,0.0062499999999999995,0.0062499999999999995
1995-04-30,1995-05-31,0.07187074933011796,0.0,1.0,0.0005499999999999984,0.0021,0.0021,True,False,0.02363548529350775,0,0.0,0.0021,0.0021,0.0021,0.0021
1995-05-31,1995-06-30,0.07273273086535545,0.0,1.0,0.00255,-0.0131,-0.0131,False,False,0.023474979762976134,18,0.0,-0.0131,-0.0131,-0.0131,-0.0131
1995-06-30,1995-07-31,0.39489074741678365,0.0,1.0,0.0026999999999999993,-0.0068000000000000005,-0.0068000000000000005,True,False,0.02288444872811374,0,0.0,-0.0068000000000000005,-0.0068000000000000005,-0.0068000000000000005,-0.0068000000000000005
1995-07-31,1995-08-31,0.531401563767868,0.5,0.5,0.021900000000000003,0.0016000000000000007,0.011750000000000002,True,False,0.022208858419577367,0,1.0,0.011750000000000002,0.009250000000000001,0.006750000000000002,0.004250000000000002
1995-08-31,1995-09-30,0.8824624190327345,1.0,0.0,-0.009850000000000001,0.00695,-0.009850000000000001,True,False,0.022264580850248947,0,1.0,-0.009850000000000001,-0.012350000000000002,-0.014850000000000002,-0.01735
1995-09-30,1995-10-31,0.14466598890207177,0.0,1.0,-0.0228,0.009149999999999998,0.009149999999999998,True,False,0.021973879621689386,0,2.0,0.009149999999999998,0.004149999999999998,-0.0008500000000000018,-0.005850000000000001
1995-10-31,1995-11-30,0.0050383504152449,0.0,1.0,-0.0027,0.0021500000000000004,0.0021500000000000004,True,False,0.02247553425344858,0,0.0,0.0021500000000000004,0.0021500000000000004,0.0021500000000000004,0.0021500000000000004
1995-11-30,1995-12-31,0.04863811989320909,0.0,1.0,0.00445,0.0079,0.0079,True,False,0.022532265639054527,0,0.0,0.0079,0.0079,0.0079,0.0079
1995-12-31,1996-01-31,0.06580610025235824,0.0,1.0,-0.0109,0.012799999999999999,0.012799999999999999,True,False,0.02255991382831775,0,0.0,0.012799999999999999,0.012799999999999999,0.012799999999999999,0.012799999999999999
1996-01-31,1996-02-29,0.007097307285713387,0.0,1.0,0.0036,-0.00865,-0.00865,True,False,0.022887950620655847,0,0.0,-0.00865,-0.00865,-0.00865,-0.00865
1996-02-29,1996-03-31,0.2585529560910117,0.0,1.0,0.0099,0.00245,0.00245,True,False,0.022428499040472137,0,0.0,0.00245,0.00245,0.00245,0.00245
1996-03-31,1996-04-30,0.370812210425444,0.0,1.0,0.0036500000000000005,-0.01115,-0.01115,True,False,0.021972354891342655,0,0.0,-0.01115,-0.01115,-0.01115,-0.01115
1996-04-30,1996-05-31,0.7061795754283077,1.0,0.0,0.01165,-0.0015,0.01165,True,False,0.02162360522535283,0,2.0,0.01165,0.0066500000000000005,0.0016500000000000004,-0.003349999999999999
1996-05-31,1996-06-30,0.8345647674436683,1.0,0.0,-0.006699999999999998,0.0235,-0.006699999999999998,True,False,0.021608638374336096,0,0.0,-0.006699999999999998,-0.006699999999999998,-0.006699999999999998,-0.006699999999999998
1996-06-30,1996-07-31,0.04041293371141892,0.0,1.0,0.007050000000000001,0.0279,0.0279,True,False,0.02150913850972027,0,2.0,0.0279,0.0229,0.0179,0.012900000000000002
1996-07-31,1996-08-31,0.014320279499797582,0.0,1.0,0.0088,-0.014250000000000002,-0.014250000000000002,True,False,0.021925795010707246,0,0.0,-0.014250000000000002,-0.014250000000000002,-0.014250000000000002,-0.014250000000000002
1996-08-31,1996-09-30,0.6339995882513656,1.0,0.0,-0.02075,-0.004149999999999999,-0.02075,True,False,0.021602487035617658,0,2.0,-0.02075,-0.025750000000000002,-0.03075,-0.035750000000000004
1996-09-30,1996-10-31,0.10452900127750778,0.0,1.0,0.0054499999999999965,0.02175,0.02175,True,False,0.02129892851459432,0,2.0,0.02175,0.016749999999999998,0.011749999999999998,0.006749999999999999
1996-10-31,1996-11-30,0.030340481678128667,0.0,1.0,-0.0121,0.00685,0.00685,True,False,0.021730448320114226,0,0.0,0.00685,0.00685,0.00685,0.00685
1996-11-30,1996-12-31,0.01665705237659993,0.0,1.0,0.02235,0.0086,0.0086,True,False,0.022096886018365583,0,0.0,0.0086,0.0086,0.0086,0.0086
1996-12-31,1997-01-31,0.3569395711977061,0.0,1.0,-0.016300000000000002,0.00575,0.00575,True,False,0.021552479863657124,0,0.0,0.00575,0.00575,0.00575,0.00575
1997-01-31,1997-02-28,0.032567783455960925,0.0,1.0,0.015350000000000003,0.02095,0.02095,True,False,0.021745696752409425,0,0.0,0.02095,0.02095,0.02095,0.02095
1997-02-28,1997-03-31,0.0614262354857096,0.0,1.0,0.0149,0.009600000000000001,0.009600000000000001,True,False,0.021830099208240136,0,0.0,0.009600000000000001,0.009600000000000001,0.009600000000000001,0.009600000000000001
1997-03-31,1997-04-30,0.18443457573502925,0.0,1.0,-0.0285,0.011699999999999999,0.011699999999999999,True,False,0.021508480966832628,0,0.0,0.011699999999999999,0.011699999999999999,0.011699999999999999,0.011699999999999999
1997-04-30,1997-05-31,0.004214844050665656,0.0,1.0,0.002849999999999995,-0.019,-0.019,True,False,0.021574383548180028,0,0.0,-0.019,-0.019,-0.019,-0.019
1997-05-31,1997-06-30,0.4491857619929913,0.5,0.5,0.013049999999999999,0.005050000000000001,0.009049999999999999,True,False,0.021227490011576512,0,1.0,0.009049999999999999,0.0065499999999999985,0.004049999999999999,0.0015499999999999993
1997-06-30,1997-07-31,0.5092462919358771,0.5,0.5,-0.01305,-0.0119,-0.012475,True,False,0.02091453151058253,0,0.0,-0.012475,-0.012475,-0.012475,-0.012475
1997-07-31,1997-08-31,0.3116404312739024,0.0,1.0,0.04315,-0.00595,-0.00595,True,False,0.02049650380803267,0,1.0,-0.00595,-0.008450000000000001,-0.010950000000000001,-0.01345
1997-08-31,1997-09-30,0.9641622077087038,1.0,0.0,0.0136,-0.012550000000000002,0.0136,True,False,0.022098721195864916,0,2.0,0.0136,0.0086,0.003599999999999999,-0.0014000000000000002
1997-09-30,1997-10-31,0.9498450000710859,1.0,0.0,0.00885,0.013799999999999998,0.00885,True,False,0.023056297674344063,0,0.0,0.00885,0.00885,0.00885,0.00885
1997-10-31,1997-11-30,0.4580423216265187,0.5,0.5,-0.01895,0.024050000000000002,0.00255,True,False,0.022266001834964924,0,1.0,0.00255,5.000000000000013e-05,-0.00245,-0.0049499999999999995
1997-11-30,1997-12-31,0.007605371341488547,0.0,1.0,0.008250000000000002,0.01295,0.01295,True,False,0.02266313082521642,0,1.0,0.01295,0.01045,0.007949999999999999,0.00545
1997-12-31,1998-01-31,0.06148643322859191,0.0,1.0,-0.0148,0.0014500000000000003,0.0014500000000000003,True,False,0.022726404090534957,0,0.0,0.0014500000000000003,0.0014500000000000003,0.0014500000000000003,0.0014500000000000003
1998-01-31,1998-02-28,0.02657910193163103,0.0,1.0,-0.0044,-0.01475,-0.01475,True,False,0.02297398064897012,0,0.0,-0.01475,-0.01475,-0.01475,-0.01475
1998-02-28,1998-03-31,0.21826999656716503,0.0,1.0,0.00325,-0.0039000000000000003,-0.0039000000000000003,True,False,0.022646248031107062,0,0.0,-0.0039000000000000003,-0.0039000000000000003,-0.0039000000000000003,-0.0039000000000000003
1998-03-31,1998-04-30,0.2947894106034036,0.0,1.0,0.0052,-0.010199999999999999,-0.010199999999999999,True,False,0.02228607971358966,0,0.0,-0.010199999999999999,-0.010199999999999999,-0.010199999999999999,-0.010199999999999999
1998-04-30,1998-05-31,0.5809793712479019,0.5,0.5,0.0020499999999999997,0.0175,0.009775,True,False,0.021781506528769277,0,1.0,0.009775,0.007275,0.004775000000000001,0.002275000000000001
1998-05-31,1998-06-30,0.09936293609465115,0.0,1.0,-0.0282,-0.01645,-0.01645,True,False,0.02197627836870229,0,1.0,-0.01645,-0.018949999999999998,-0.02145,-0.02395
1998-06-30,1998-07-31,0.044032813789110954,0.0,1.0,-0.03515,0.011999999999999999,0.011999999999999999,True,False,0.022303794816416977,0,0.0,0.011999999999999999,0.011999999999999999,0.011999999999999999,0.011999999999999999
1998-07-31,1998-08-31,0.0025426267850397937,0.0,1.0,-0.006999999999999999,0.04565,0.04565,True,False,0.021969792382588955,0,0.0,0.04565,0.04565,0.04565,0.04565
1998-08-31,1998-09-30,0.002869892364860011,0.0,1.0,-0.022,-0.023399999999999997,-0.023399999999999997,True,False,0.021034046109351275,0,0.0,-0.023399999999999997,-0.023399999999999997,-0.023399999999999997,-0.023399999999999997
1998-09-30,1998-10-31,0.13370870353439365,0.0,1.0,-0.02845,0.0053,0.0053,True,False,0.02101174585280714,0,0.0,0.0053,0.0053,0.0053,0.0053
1998-10-31,1998-11-30,0.017722500034008683,0.0,1.0,-0.012400000000000003,-0.0092,-0.0092,False,False,0.02127813126664483,13,0.0,-0.0092,-0.0092,-0.0092,-0.0092
1998-11-30,1998-12-31,0.10426856506922984,0.0,1.0,-0.02875,-0.019749999999999997,-0.019749999999999997,True,False,0.021217914735082968,0,0.0,-0.019749999999999997,-0.019749999999999997,-0.019749999999999997,-0.019749999999999997
1998-12-31,1999-01-31,0.08761160834761819,0.0,1.0,-0.0264,-0.04605,-0.04605,True,False,0.02144612087302214,0,0.0,-0.04605,-0.04605,-0.04605,-0.04605
1999-01-31,1999-02-28,0.48587612333517904,0.5,0.5,-0.016,0.014250000000000002,-0.000874999999999999,True,False,0.02073441526694554,0,1.0,-0.000874999999999999,-0.003374999999999999,-0.005874999999999999,-0.008374999999999999
1999-02-28,1999-03-31,0.0517671037649057,0.0,1.0,-0.0349,-0.0256,-0.0256,True,False,0.02099477767114205,0,1.0,-0.0256,-0.0281,-0.030600000000000002,-0.033100000000000004
1999-03-31,1999-04-30,0.06760096786585329,0.0,1.0,0.0346,-0.008150000000000001,-0.008150000000000001,True,False,0.021271658376268432,0,0.0,-0.008150000000000001,-0.008150000000000001,-0.008150000000000001,-0.008150000000000001
1999-04-30,1999-05-31,0.8018132326046723,1.0,0.0,0.0312,0.02065,0.0312,True,False,0.021742267763583123,0,2.0,0.0312,0.026199999999999998,0.021199999999999997,0.0162
1999-05-31,1999-06-30,0.7162406026515938,1.0,0.0,-0.004400000000000001,-0.009899999999999999,-0.004400000000000001,True,False,0.021506253317703596,0,0.0,-0.004400000000000001,-0.004400000000000001,-0.004400000000000001,-0.004400000000000001
1999-06-30,1999-07-31,0.6077301122610329,1.0,0.0,0.0118,0.0178,0.0118,True,False,0.020969751104606082,0,0.0,0.0118,0.0118,0.0118,0.0118
1999-07-31,1999-08-31,0.3300637091488117,0.0,1.0,-0.018,0.0024000000000000002,0.0024000000000000002,True,False,0.020605811552873426,0,2.0,0.0024000000000000002,-0.0026,-0.0076,-0.0126
1999-08-31,1999-09-30,0.0699846148068912,0.0,1.0,-0.0020999999999999994,-0.009749999999999998,-0.009749999999999998,True,False,0.021309756638556988,0,0.0,-0.009749999999999998,-0.009749999999999998,-0.009749999999999998,-0.009749999999999998
1999-09-30,1999-10-31,0.23810700359457815,0.0,1.0,-0.05005,-0.0131,-0.0131,True,False,0.020968644795276395,0,0.0,-0.0131,-0.0131,-0.0131,-0.0131
1999-10-31,1999-11-30,0.020253983934257133,0.0,1.0,0.00020000000000000226,-0.0301,-0.0301,True,False,0.02119099397295228,0,0.0,-0.0301,-0.0301,-0.0301,-0.0301
1999-11-30,1999-12-31,0.5573036194183533,0.5,0.5,-0.012800000000000002,-0.06935,-0.041075,True,False,0.02094723445605195,0,1.0,-0.041075,-0.043575,-0.046075,-0.048575
1999-12-31,2000-01-31,0.9616407907225465,1.0,0.0,0.015449999999999998,-0.007950000000000006,0.015449999999999998,True,False,0.038092763197600625,0,1.0,0.015449999999999998,0.012949999999999998,0.010449999999999997,0.007949999999999999
2000-01-31,2000-02-29,0.7745353061367166,1.0,0.0,0.04345000000000001,-0.1004,0.04345000000000001,True,False,0.033530979994233434,0,0.0,0.04345000000000001,0.04345000000000001,0.04345000000000001,0.04345000000000001
2000-02-29,2000-03-31,0.9999999991609408,1.0,0.0,-0.03519999999999999,0.052250000000000005,-0.03519999999999999,True,False,0.14549162114825345,0,0.0,-0.03519999999999999,-0.03519999999999999,-0.03519999999999999,-0.03519999999999999
2000-03-31,2000-04-30,4.169355612958309e-32,0.0,1.0,0.0085,0.0685,0.0685,True,False,0.14618185941871265,0,2.0,0.0685,0.0635,0.0585,0.053500000000000006
2000-04-30,2000-05-31,9.578055658150791e-20,0.0,1.0,0.0036500000000000005,0.0276,0.0276,True,False,0.14664312464581766,0,0.0,0.0276,0.0276,0.0276,0.0276
2000-05-31,2000-06-30,4.39263183790765e-15,0.0,1.0,0.009550000000000003,-0.05740000000000001,-0.05740000000000001,True,False,0.14681312372827135,0,0.0,-0.05740000000000001,-0.05740000000000001,-0.05740000000000001,-0.05740000000000001
2000-06-30,2000-07-31,0.0029485808957100024,0.0,1.0,0.03560000000000001,0.0435,0.0435,True,False,0.14602064091823083,0,0.0,0.0435,0.0435,0.0435,0.0435
2000-07-31,2000-08-31,2.263754262886888e-12,0.0,1.0,-0.0116,-0.009250000000000001,-0.009250000000000001,True,False,0.14606574308166798,0,0.0,-0.009250000000000001,-0.009250000000000001,-0.009250000000000001,-0.009250000000000001
2000-08-31,2000-09-30,9.069946973400313e-12,0.0,1.0,0.03755,0.0412,0.0412,True,False,0.14606999718393598,0,0.0,0.0412,0.0412,0.0412,0.0412
2000-09-30,2000-10-31,5.285754825603863e-12,0.0,1.0,0.015000000000000001,0.06624999999999999,0.06624999999999999,True,False,0.1460839194047935,0,0.0,0.06624999999999999,0.06624999999999999,0.06624999999999999,0.06624999999999999
2000-10-31,2000-11-30,1.6919039802316116e-17,0.0,1.0,0.05945,0.107,0.107,True,False,0.14643973802785668,0,0.0,0.107,0.107,0.107,0.107
2000-11-30,2000-12-31,9.018801931508618e-17,0.0,1.0,0.05405,0.0337,0.0337,True,False,0.14676419395013351,0,0.0,0.0337,0.0337,0.0337,0.0337
2000-12-31,2001-01-31,9.69815690989697e-09,0.0,1.0,0.000900000000000005,-0.05205,-0.05205,True,False,0.14659359161868948,0,0.0,-0.05205,-0.05205,-0.05205,-0.05205
2001-01-31,2001-02-28,7.767723800065482e-05,0.0,1.0,0.0755,0.09065,0.09065,True,False,0.14616584464774646,0,0.0,0.09065,0.09065,0.09065,0.09065
2001-02-28,2001-03-31,1.2132102917230618e-12,0.0,1.0,0.044,0.0353,0.0353,True,False,0.1462613081963057,0,0.0,0.0353,0.0353,0.0353,0.0353
2001-03-31,2001-04-30,5.875596326469821e-10,0.0,1.0,-0.0276,-0.03185,-0.03185,True,False,0.14618405084041214,0,0.0,-0.03185,-0.03185,-0.03185,-0.03185
2001-04-30,2001-05-31,1.5884862884104585e-10,0.0,1.0,0.03465,0.0112,0.0112,True,False,0.1461400552879369,0,0.0,0.0112,0.0112,0.0112,0.0112
2001-05-31,2001-06-30,2.665421065799556e-08,0.0,1.0,0.02715,-0.0004999999999999987,-0.0004999999999999987,True,False,0.14595680619627197,0,0.0,-0.0004999999999999987,-0.0004999999999999987,-0.0004999999999999987,-0.0004999999999999987
2001-06-30,2001-07-31,8.399663549509575e-08,0.0,1.0,0.010450000000000001,0.05095,0.05095,True,False,0.14574510478034,0,0.0,0.05095,0.05095,0.05095,0.05095
2001-07-31,2001-08-31,1.741617488235383e-15,0.0,1.0,0.027,0.051699999999999996,0.051699999999999996,True,False,0.14601078659607777,0,0.0,0.051699999999999996,0.051699999999999996,0.051699999999999996,0.051699999999999996
2001-08-31,2001-09-30,1.0522127178114018e-13,0.0,1.0,-0.0211,0.04190000000000001,0.04190000000000001,True,False,0.14616789876429917,0,0.0,0.04190000000000001,0.04190000000000001,0.04190000000000001,0.04190000000000001
2001-09-30,2001-10-31,1.635271186756e-17,0.0,1.0,-0.009850000000000001,-0.036699999999999997,-0.036699999999999997,True,False,0.14656950978787586,0,0.0,-0.036699999999999997,-0.036699999999999997,-0.036699999999999997,-0.036699999999999997
2001-10-31,2001-11-30,1.2510895074235848e-07,0.0,1.0,0.00905,-0.025849999999999998,-0.025849999999999998,True,False,0.14636594811207831,0,0.0,-0.025849999999999998,-0.025849999999999998,-0.025849999999999998,-0.025849999999999998
2001-11-30,2001-12-31,1.0110390586490654e-06,0.0,1.0,0.029700000000000004,-0.00010000000000000026,-0.00010000000000000026,True,False,0.14610736943021474,0,0.0,-0.00010000000000000026,-0.00010000000000000026,-0.00010000000000000026,-0.00010000000000000026
2001-12-31,2002-01-31,2.937044706021619e-07,0.0,1.0,0.0235,0.0378,0.0378,True,False,0.1458885404372146,0,0.0,0.0378,0.0378,0.0378,0.0378
2002-01-31,2002-02-28,4.8159908382444864e-12,0.0,1.0,0.009799999999999998,0.06565,0.06565,True,False,0.14597330215893822,0,0.0,0.06565,0.06565,0.06565,0.06565
2002-02-28,2002-03-31,3.4053746700079775e-16,0.0,1.0,0.02615,-0.00585,-0.00585,True,False,0.14631994034739917,0,0.0,-0.00585,-0.00585,-0.00585,-0.00585
2002-03-31,2002-04-30,6.506347002925004e-07,0.0,1.0,0.0532,0.049699999999999994,0.049699999999999994,True,False,0.14608903167024323,0,0.0,0.049699999999999994,0.049699999999999994,0.049699999999999994,0.049699999999999994
2002-04-30,2002-05-31,6.085464174077102e-10,0.0,1.0,-0.007749999999999999,0.0242,0.0242,True,False,0.14605429241943196,0,0.0,0.0242,0.0242,0.0242,0.0242
2002-05-31,2002-06-30,1.1992547719431494e-13,0.0,1.0,0.020649999999999998,0.0329,0.0329,True,False,0.1462474149236408,0,0.0,0.0329,0.0329,0.0329,0.0329
2002-06-30,2002-07-31,1.2454152434683606e-11,0.0,1.0,-0.049199999999999994,0.013699999999999997,0.013699999999999997,True,False,0.14631395378169762,0,0.0,0.013699999999999997,0.013699999999999997,0.013699999999999997,0.013699999999999997
2002-07-31,2002-08-31,1.4977104473668084e-16,0.0,1.0,0.008649999999999998,-0.0001499999999999991,-0.0001499999999999991,True,False,0.14668841583254866,0,0.0,-0.0001499999999999991,-0.0001499999999999991,-0.0001499999999999991,-0.0001499999999999991
2002-08-31,2002-09-30,3.124051415171997e-09,0.0,1.0,0.02155,0.004999999999999999,0.004999999999999999,True,False,0.14661658218357915,0,0.0,0.004999999999999999,0.004999999999999999,0.004999999999999999,0.004999999999999999
2002-09-30,2002-10-31,1.8803967481408704e-08,0.0,1.0,-0.040249999999999994,-0.012150000000000001,-0.012150000000000001,True,False,0.14649520990680667,0,0.0,-0.012150000000000001,-0.012150000000000001,-0.012150000000000001,-0.012150000000000001
2002-10-31,2002-11-30,4.579407275447377e-13,0.0,1.0,0.0089,-0.02045,-0.02045,True,False,0.14665592353684873,0,0.0,-0.02045,-0.02045,-0.02045,-0.02045
2002-11-30,2002-12-31,4.0558344942491035e-07,0.0,1.0,0.0133,0.022650000000000003,0.022650000000000003,True,False,0.14645240543058186,0,0.0,0.022650000000000003,0.022650000000000003,0.022650000000000003,0.022650000000000003
2002-12-31,2003-01-31,3.800436654056919e-11,0.0,1.0,-0.0004000000000000006,-0.0012000000000000005,-0.0012000000000000005,True,False,0.14649726211548306,0,0.0,-0.0012000000000000005,-0.0012000000000000005,-0.0012000000000000005,-0.0012000000000000005
2003-01-31,2003-02-28,3.8074874999111026e-10,0.0,1.0,-0.01115,0.0005500000000000001,0.0005500000000000001,True,False,0.14647875446199382,0,0.0,0.0005500000000000001,0.0005500000000000001,0.0005500000000000001,0.0005500000000000001
2003-02-28,2003-03-31,1.69645042921435e-11,0.0,1.0,-0.0066999999999999985,0.004349999999999999,0.004349999999999999,True,False,0.14653712820213624,0,0.0,0.004349999999999999,0.004349999999999999,0.004349999999999999,0.004349999999999999
2003-03-31,2003-04-30,1.7622595213255865e-11,0.0,1.0,0.011799999999999998,-0.018499999999999996,-0.018499999999999996,True,False,0.14659081851569497,0,0.0,-0.018499999999999996,-0.018499999999999996,-0.018499999999999996,-0.018499999999999996
2003-04-30,2003-05-31,4.0926944341691835e-07,0.0,1.0,0.0274,-0.019350000000000003,-0.019350000000000003,True,False,0.14638772475659984,0,0.0,-0.019350000000000003,-0.019350000000000003,-0.019350000000000003,-0.019350000000000003
2003-05-31,2003-06-30,2.312983821140885e-05,0.0,1.0,0.00895,0.0002000000000000001,0.0002000000000000001,True,False,0.14607940008185732,0,0.0,0.0002000000000000001,0.0002000000000000001,0.0002000000000000001,0.0002000000000000001
2003-06-30,2003-07-31,2.7310114485446226e-09,0.0,1.0,0.014350000000000002,-0.011850000000000003,-0.011850000000000003,True,False,0.14601552948745233,0,0.0,-0.011850000000000003,-0.011850000000000003,-0.011850000000000003,-0.011850000000000003
2003-07-31,2003-08-31,1.7145592630341572e-07,0.0,1.0,0.02005,-0.000700000000000001,-0.000700000000000001,True,False,0.14584494403445927,0,0.0,-0.000700000000000001,-0.000700000000000001,-0.000700000000000001,-0.000700000000000001
2003-08-31,2003-09-30,4.6232263013373957e-08,0.0,1.0,0.0035499999999999998,0.00655,0.00655,True,False,0.14570996289766872,0,0.0,0.00655,0.00655,0.00655,0.00655
2003-09-30,2003-10-31,1.5122172979473963e-10,0.0,1.0,0.0242,0.0013500000000000005,0.0013500000000000005,True,False,0.14571933692418337,0,0.0,0.0013500000000000005,0.0013500000000000005,0.0013500000000000005,0.0013500000000000005
2003-10-31,2003-11-30,6.949506360175263e-08,0.0,1.0,0.02015,0.00945,0.00945,True,False,0.14557381357539131,0,0.0,0.00945,0.00945,0.00945,0.00945
2003-11-30,2003-12-31,3.6131380188455856e-09,0.0,1.0,-0.004999999999999998,0.0071,0.0071,True,False,0.14550291930839165,0,0.0,0.0071,0.0071,0.0071,0.0071
2003-12-31,2004-01-31,1.4191760405354117e-11,0.0,1.0,0.024399999999999998,-0.0013500000000000005,-0.0013500000000000005,True,False,0.1455658339500862,0,0.0,-0.0013500000000000005,-0.0013500000000000005,-0.0013500000000000005,-0.0013500000000000005
2004-01-31,2004-02-29,1.2348258831412014e-07,0.0,1.0,0.00014999999999999996,0.0048000000000000004,0.0048000000000000004,True,False,0.1454062275624968,0,0.0,0.0048000000000000004,0.0048000000000000004,0.0048000000000000004,0.0048000000000000004
2004-02-29,2004-03-31,7.718558072545937e-11,0.0,1.0,0.011699999999999999,0.0033500000000000005,0.0033500000000000005,True,False,0.14542639691755022,0,0.0,0.0033500000000000005,0.0033500000000000005,0.0033500000000000005,0.0033500000000000005
2004-03-31,2004-04-30,1.6199783062615565e-09,0.0,1.0,-0.02645,0.0031499999999999983,0.0031499999999999983,True,False,0.1453714757679823,0,0.0,0.0031499999999999983,0.0031499999999999983,0.0031499999999999983,0.0031499999999999983
2004-04-30,2004-05-31,1.7419564757928168e-13,0.0,1.0,-0.0029,-0.0058,-0.0058,True,False,0.1455308588988238,0,0.0,-0.0058,-0.0058,-0.0058,-0.0058
2004-05-31,2004-06-30,4.026857635078547e-10,0.0,1.0,0.01865,0.004050000000000001,0.004050000000000001,True,False,0.14550710703978312,0,0.0,0.004050000000000001,0.004050000000000001,0.004050000000000001,0.004050000000000001
2004-06-30,2004-07-31,6.533365741088673e-09,0.0,1.0,0.0014999999999999996,0.01765,0.01765,True,False,0.1454168049186973,0,0.0,0.01765,0.01765,0.01765,0.01765
2004-07-31,2004-08-31,3.371696716923559e-12,0.0,1.0,-0.0004999999999999996,-0.000700000000000001,-0.000700000000000001,True,False,0.14549993841989792,0,0.0,-0.000700000000000001,-0.000700000000000001,-0.000700000000000001,-0.000700000000000001
2004-08-31,2004-09-30,1.649931146698954e-10,0.0,1.0,0.01585,-0.016050000000000002,-0.016050000000000002,True,False,0.14549176226839708,0,0.0,-0.016050000000000002,-0.016050000000000002,-0.016050000000000002,-0.016050000000000002
2004-09-30,2004-10-31,4.113944032902634e-07,0.0,1.0,-0.0005499999999999999,-0.0006000000000000003,-0.0006000000000000003,True,False,0.14530410788661002,0,0.0,-0.0006000000000000003,-0.0006000000000000003,-0.0006000000000000003,-0.0006000000000000003
2004-10-31,2004-11-30,1.5557152190835694e-10,0.0,1.0,0.028450000000000003,-0.0034999999999999996,-0.0034999999999999996,True,False,0.1452978794750844,0,0.0,-0.0034999999999999996,-0.0034999999999999996,-0.0034999999999999996,-0.0034999999999999996
2004-11-30,2004-12-31,4.0422051215617155e-07,0.0,1.0,-0.00135,-0.0034000000000000002,-0.0034000000000000002,True,False,0.1451130058693552,0,0.0,-0.0034000000000000002,-0.0034000000000000002,-0.0034000000000000002,-0.0034000000000000002
2004-12-31,2005-01-31,2.4864072083644145e-10,0.0,1.0,0.00475,0.006949999999999999,0.006949999999999999,True,False,0.14509689685504373,0,0.0,0.006949999999999999,0.006949999999999999,0.006949999999999999,0.006949999999999999
2005-01-31,2005-02-28,7.883537502899491e-11,0.0,1.0,0.005549999999999999,0.00555,0.00555,True,False,0.1451040311227604,0,0.0,0.00555,0.00555,0.00555,0.00555
2005-02-28,2005-03-31,1.2236859807252613e-10,0.0,1.0,0.0033,0.0089,0.0089,True,False,0.14509917917910112,0,0.0,0.0089,0.0089,0.0089,0.0089
2005-03-31,2005-04-30,2.7395883305814962e-11,0.0,1.0,-0.0196,0.0005999999999999998,0.0005999999999999998,True,False,0.14512437150977212,0,0.0,0.0005999999999999998,0.0005999999999999998,0.0005999999999999998,0.0005999999999999998
2005-04-30,2005-05-31,6.778786670330544e-13,0.0,1.0,0.0109,-0.0037,-0.0037,True,False,0.145226209308183,0,0.0,-0.0037,-0.0037,-0.0037,-0.0037
2005-05-31,2005-06-30,3.878927928146035e-09,0.0,1.0,0.030299999999999997,0.0017499999999999998,0.0017499999999999998,True,False,0.14514238597594517,0,0.0,0.0017499999999999998,0.0017499999999999998,0.0017499999999999998,0.0017499999999999998
2005-06-30,2005-07-31,1.3026790612282059e-07,0.0,1.0,0.009899999999999999,-0.00985,-0.00985,True,False,0.14498373832865266,0,0.0,-0.00985,-0.00985,-0.00985,-0.00985
2005-07-31,2005-08-31,1.4090255018393436e-08,0.0,1.0,0.002000000000000001,-0.007899999999999999,-0.007899999999999999,True,False,0.1448743526106282,0,0.0,-0.007899999999999999,-0.007899999999999999,-0.007899999999999999,-0.007899999999999999
2005-08-31,2005-09-30,1.1194598634434602e-09,0.0,1.0,0.0023500000000000005,-0.0017499999999999998,-0.0017499999999999998,True,False,0.14481855261168564,0,0.0,-0.0017499999999999998,-0.0017499999999999998,-0.0017499999999999998,-0.0017499999999999998
2005-09-30,2005-10-31,2.3850126294862424e-10,0.0,1.0,-0.00535,-0.0098,-0.0098,True,False,0.14479377783522215,0,0.0,-0.0098,-0.0098,-0.0098,-0.0098
2005-10-31,2005-11-30,2.3790096596639437e-10,0.0,1.0,-0.001449999999999999,-0.0094,-0.0094,True,False,0.14476740688555098,0,0.0,-0.0094,-0.0094,-0.0094,-0.0094
2005-11-30,2005-12-31,5.331790540337787e-10,0.0,1.0,-0.0005,0.0019,0.0019,True,False,0.14472309218364662,0,0.0,0.0019,0.0019,0.0019,0.0019
2005-12-31,2006-01-31,3.4580843756614513e-11,0.0,1.0,0.0341,-0.00505,-0.00505,True,False,0.14473251917617982,0,0.0,-0.00505,-0.00505,-0.00505,-0.00505
2006-01-31,2006-02-28,1.5011334538059474e-06,0.0,1.0,-0.00385,0.007199999999999999,0.007199999999999999,True,False,0.14452522026184067,0,0.0,0.007199999999999999,0.007199999999999999,0.007199999999999999,0.007199999999999999
2006-02-28,2006-03-31,4.195215298862066e-12,0.0,1.0,0.01975,-0.00205,-0.00205,True,False,0.14457921754573536,0,0.0,-0.00205,-0.00205,-0.00205,-0.00205
2006-03-31,2006-04-30,1.734816348089622e-08,0.0,1.0,0.007349999999999999,0.00805,0.00805,True,False,0.14446551659196483,0,0.0,0.00805,0.00805,0.00805,0.00805
2006-04-30,2006-05-31,5.1817773275445324e-11,0.0,1.0,-0.0026,0.012,0.012,True,False,0.14446745773981687,0,0.0,0.012,0.012,0.012,0.012
2006-05-31,2006-06-30,1.3749861666424607e-12,0.0,1.0,0.0030500000000000006,0.00595,0.00595,True,False,0.14453844953547088,0,0.0,0.00595,0.00595,0.00595,0.00595
2006-06-30,2006-07-31,2.489735417431791e-11,0.0,1.0,-0.004900000000000002,0.01235,0.01235,True,False,0.14455092259098162,0,0.0,0.01235,0.01235,0.01235,0.01235
2006-07-31,2006-08-31,5.77591229981948e-13,0.0,1.0,-0.0075,0.0016500000000000004,0.0016500000000000004,True,False,0.14463370366024186,0,0.0,0.0016500000000000004,0.0016500000000000004,0.0016500000000000004,0.0016500000000000004
2006-08-31,2006-09-30,4.24596419805004e-12,0.0,1.0,-0.00665,0.006200000000000001,0.006200000000000001,True,False,0.14467621445155246,0,0.0,0.006200000000000001,0.006200000000000001,0.006200000000000001,0.006200000000000001
2006-09-30,2006-10-31,1.4876770176791386e-12,0.0,1.0,0.008249999999999999,0.0010500000000000002,0.0010500000000000002,True,False,0.14473626357893368,0,0.0,0.0010500000000000002,0.0010500000000000002,0.0010500000000000002,0.0010500000000000002
2006-10-31,2006-11-30,2.5581437558226005e-10,0.0,1.0,0.00335,-0.003,-0.003,True,False,0.14469800740094346,0,0.0,-0.003,-0.003,-0.003,-0.003
2006-11-30,2006-12-31,1.886314200439141e-10,0.0,1.0,0.009649999999999999,0.006149999999999998,0.006149999999999998,True,False,0.14466426139194563,0,0.0,0.006149999999999998,0.006149999999999998,0.006149999999999998,0.006149999999999998
2006-12-31,2007-01-31,8.146395018670304e-11,0.0,1.0,-0.0033000000000000004,0.00295,0.00295,True,False,0.14464468232260047,0,0.0,0.00295,0.00295,0.00295,0.00295
2007-01-31,2007-02-28,5.6100263733396066e-12,0.0,1.0,0.00625,-0.0059,-0.0059,True,False,0.14467218432114864,0,0.0,-0.0059,-0.0059,-0.0059,-0.0059
2007-02-28,2007-03-31,6.973284724778586e-10,0.0,1.0,-0.0037,-0.0005999999999999998,-0.0005999999999999998,True,False,0.14461092930905753,0,0.0,-0.0005999999999999998,-0.0005999999999999998,-0.0005999999999999998,-0.0005999999999999998
2007-03-31,2007-04-30,1.0892837071466777e-11,0.0,1.0,-0.017599999999999998,0.01095,0.01095,True,False,0.14462333561793286,0,0.0,0.01095,0.01095,0.01095,0.01095
2007-04-30,2007-05-31,1.2565888117409555e-14,0.0,1.0,-0.0013,0.0010499999999999997,0.0010499999999999997,True,False,0.14475467608245332,0,0.0,0.0010499999999999997,0.0010499999999999997,0.0010499999999999997,0.0010499999999999997
2007-05-31,2007-06-30,1.2462406461899539e-11,0.0,1.0,-0.0017500000000000007,0.00275,0.00275,True,False,0.14476273918368743,0,0.0,0.00275,0.00275,0.00275,0.00275
2007-06-30,2007-07-31,6.327659724673052e-12,0.0,1.0,-0.03365,-0.0045,-0.0045,True,False,0.14478079417851936,0,0.0,-0.0045,-0.0045,-0.0045,-0.0045
2007-07-31,2007-08-31,8.602062414048695e-15,0.0,1.0,-0.011000000000000001,-0.0092,-0.0092,True,False,0.14491226545531743,0,0.0,-0.0092,-0.0092,-0.0092,-0.0092
2007-08-31,2007-09-30,1.2347329274223171e-11,0.0,1.0,-0.02305,-0.01715,-0.01715,True,False,0.1449169004118411,0,0.0,-0.01715,-0.01715,-0.01715,-0.01715
2007-09-30,2007-10-31,3.683536026447956e-12,0.0,1.0,-0.0145,-0.00135,-0.00135,True,False,0.14494042808895116,0,0.0,-0.00135,-0.00135,-0.00135,-0.00135
2007-10-31,2007-11-30,4.710031116453146e-13,0.0,1.0,-0.02,0.006950000000000001,0.006950000000000001,True,False,0.14499690590198056,0,0.0,0.006950000000000001,0.006950000000000001,0.006950000000000001,0.006950000000000001
2007-11-30,2007-12-31,1.1100216674370802e-14,0.0,1.0,-0.0016500000000000002,-0.0008500000000000001,-0.0008500000000000001,True,False,0.14511509406032022,0,0.0,-0.0008500000000000001,-0.0008500000000000001,-0.0008500000000000001,-0.0008500000000000001
2007-12-31,2008-01-31,1.2670143829347792e-11,0.0,1.0,0.01685,0.020900000000000002,0.020900000000000002,True,False,0.14511411588226916,0,0.0,0.020900000000000002,0.020900000000000002,0.020900000000000002,0.020900000000000002
2008-01-31,2008-02-29,4.705844843306328e-12,0.0,1.0,-0.0068000000000000005,0.0005000000000000004,0.0005000000000000004,True,False,0.14512789807461454,0,0.0,0.0005000000000000004,0.0005000000000000004,0.0005000000000000004,0.0005000000000000004
2008-02-29,2008-03-31,1.7423518569589695e-12,0.0,1.0,0.0045,0.0068,0.0068,True,False,0.14515619894907605,0,0.0,0.0068,0.0068,0.0068,0.0068
2008-03-31,2008-04-30,6.2997532373146125e-12,0.0,1.0,-0.010599999999999998,-0.00375,-0.00375,True,False,0.14516176969613326,0,0.0,-0.00375,-0.00375,-0.00375,-0.00375
2008-04-30,2008-05-31,1.6113407692588111e-12,0.0,1.0,0.0077,0.0053,0.0053,True,False,0.14518763435122398,0,0.0,0.0053,0.0053,0.0053,0.0053
2008-05-31,2008-06-30,1.9489372409476053e-11,0.0,1.0,-0.006749999999999999,0.021450000000000004,0.021450000000000004,True,False,0.14517196993900153,0,0.0,0.021450000000000004,0.021450000000000004,0.021450000000000004,0.021450000000000004
2008-06-30,2008-07-31,3.794763666966403e-15,0.0,1.0,0.044550000000000006,-0.001850000000000001,-0.001850000000000001,True,False,0.14529111577723733,0,0.0,-0.001850000000000001,-0.001850000000000001,-0.001850000000000001,-0.001850000000000001
2008-07-31,2008-08-31,4.912249014806928e-06,0.0,1.0,0.023999999999999997,0.01245,0.01245,True,False,0.14507540566904392,0,0.0,0.01245,0.01245,0.01245,0.01245
2008-08-31,2008-09-30,3.1349885672798596e-10,0.0,1.0,0.0302,0.0205,0.0205,True,False,0.14501982037217648,0,0.0,0.0205,0.0205,0.0205,0.0205
2008-09-30,2008-10-31,1.7629690094213873e-10,0.0,1.0,-0.02475,0.02055,0.02055,True,False,0.14497291354780445,0,0.0,0.02055,0.02055,0.02055,0.02055
2008-10-31,2008-11-30,6.074552359383134e-17,0.0,1.0,-0.05105,0.0353,0.0353,True,False,0.14516324478232492,0,0.0,0.0353,0.0353,0.0353,0.0353
2008-11-30,2008-12-31,7.155869495706496e-21,0.0,1.0,0.016900000000000002,-0.00745,-0.00745,True,False,0.1455196308756079,0,0.0,-0.00745,-0.00745,-0.00745,-0.00745
2008-12-31,2009-01-31,2.3929066905890302e-08,0.0,1.0,-0.06555,-0.0058,-0.0058,True,False,0.14540690080101412,0,0.0,-0.0058,-0.0058,-0.0058,-0.0058
2009-01-31,2009-02-28,1.5310138772016087e-17,0.0,1.0,-0.03885,0.00195,0.00195,True,False,0.1456517685999182,0,0.0,0.00195,0.00195,0.00195,0.00195
2009-02-28,2009-03-31,2.309859555348577e-15,0.0,1.0,0.02035,-0.0229,-0.0229,True,False,0.14581692184223208,0,0.0,-0.0229,-0.0229,-0.0229,-0.0229
2009-03-31,2009-04-30,4.347727983744458e-06,0.0,1.0,0.06259999999999999,0.0092,0.0092,True,False,0.14562071175591917,0,0.0,0.0092,0.0092,0.0092,0.0092
2009-04-30,2009-05-31,5.813215522302157e-05,0.0,1.0,-0.009150000000000002,-0.014000000000000002,-0.014000000000000002,True,False,0.14537602896073532,0,0.0,-0.014000000000000002,-0.014000000000000002,-0.014000000000000002,-0.014000000000000002
2009-05-31,2009-06-30,3.6307898396981937e-10,0.0,1.0,-0.002449999999999999,-0.0089,-0.0089,True,False,0.14535028118085877,0,0.0,-0.0089,-0.0089,-0.0089,-0.0089
2009-06-30,2009-07-31,5.040780594697513e-10,0.0,1.0,0.036,0.014100000000000001,0.014100000000000001,True,False,0.14531796519163234,0,0.0,0.014100000000000001,0.014100000000000001,0.014100000000000001,0.014100000000000001
2009-07-31,2009-08-31,2.2696498624999185e-08,0.0,1.0,0.0375,0.0022500000000000003,0.0022500000000000003,True,False,0.14522005749298295,0,0.0,0.0022500000000000003,0.0022500000000000003,0.0022500000000000003,0.0022500000000000003
2009-08-31,2009-09-30,6.35816366812566e-07,0.0,1.0,0.01935,0.00745,0.00745,True,False,0.14506541986434027,0,0.0,0.00745,0.00745,0.00745,0.00745
2009-09-30,2009-10-31,1.960306161580789e-09,0.0,1.0,-0.0451,0.013699999999999997,0.013699999999999997,True,False,0.1450117316826547,0,0.0,0.013699999999999997,0.013699999999999997,0.013699999999999997,0.013699999999999997
2009-10-31,2009-11-30,9.702894898806435e-17,0.0,1.0,-0.01545,0.0045000000000000005,0.0045000000000000005,True,False,0.14524492114811843,0,0.0,0.0045000000000000005,0.0045000000000000005,0.0045000000000000005,0.0045000000000000005
2009-11-30,2009-12-31,1.1153958022918187e-12,0.0,1.0,0.03015,0.0031,0.0031,True,False,0.1453220274633543,0,0.0,0.0031,0.0031,0.0031,0.0031
2009-12-31,2010-01-31,9.971860811735861e-08,0.0,1.0,0.00365,-0.00285,-0.00285,True,False,0.14520444148374834,0,0.0,-0.00285,-0.00285,-0.00285,-0.00285
2010-01-31,2010-02-28,6.494266648689924e-10,0.0,1.0,0.023350000000000003,0.00565,0.00565,True,False,0.1451734396148885,0,0.0,0.00565,0.00565,0.00565,0.00565
2010-02-28,2010-03-31,9.571855349153176e-09,0.0,1.0,0.0201,0.00565,0.00565,True,False,0.14509641096737994,0,0.0,0.00565,0.00565,0.00565,0.00565
2010-03-31,2010-04-30,4.177136878105181e-09,0.0,1.0,0.039599999999999996,0.011800000000000001,0.011800000000000001,True,False,0.1450334119255085,0,0.0,0.011800000000000001,0.011800000000000001,0.011800000000000001,0.011800000000000001
2010-04-30,2010-05-31,1.0858984435643367e-07,0.0,1.0,-0.012,0.005300000000000001,0.005300000000000001,True,False,0.14491572162942007,0,0.0,0.005300000000000001,0.005300000000000001,0.005300000000000001,0.005300000000000001
2010-05-31,2010-06-30,1.7982100693840954e-12,0.0,1.0,-0.035750000000000004,-0.008400000000000001,-0.008400000000000001,True,False,0.14498180519301687,0,0.0,-0.008400000000000001,-0.008400000000000001,-0.008400000000000001,-0.008400000000000001
2010-06-30,2010-07-31,1.563436568402707e-13,0.0,1.0,-0.0023,0.01095,0.01095,True,False,0.1450868400829192,0,0.0,0.01095,0.01095,0.01095,0.01095
2010-07-31,2010-08-31,4.52447558458738e-12,0.0,1.0,-0.02395,-0.005,-0.005,True,False,0.145135736003475,0,0.0,-0.005,-0.005,-0.005,-0.005
2010-08-31,2010-09-30,1.0693061586813726e-12,0.0,1.0,0.0031499999999999983,0.00095,0.00095,True,False,0.14520658954659021,0,0.0,0.00095,0.00095,0.00095,0.00095
2010-09-30,2010-10-31,1.7728470544664734e-10,0.0,1.0,-0.00865,0.0045000000000000005,0.0045000000000000005,True,False,0.14519362430209223,0,0.0,0.0045000000000000005,0.0045000000000000005,0.0045000000000000005,0.0045000000000000005
2010-10-31,2010-11-30,3.793066686201732e-12,0.0,1.0,0.0132,0.01055,0.01055,True,False,0.14524110381788974,0,0.0,0.01055,0.01055,0.01055,0.01055
2010-11-30,2010-12-31,1.7456425114579619e-10,0.0,1.0,0.02265,-0.0012500000000000011,-0.0012500000000000011,True,False,0.14522630519118496,0,0.0,-0.0012500000000000011,-0.0012500000000000011,-0.0012500000000000011,-0.0012500000000000011
2010-12-31,2011-01-31,3.3594179827581534e-08,0.0,1.0,-0.0085,0.0008500000000000005,0.0008500000000000005,True,False,0.14512722354823782,0,0.0,0.0008500000000000005,0.0008500000000000005,0.0008500000000000005,0.0008500000000000005
2011-01-31,2011-02-28,8.321487275902244e-12,0.0,1.0,0.01415,-0.00495,-0.00495,True,False,0.1451596978986396,0,0.0,-0.00495,-0.00495,-0.00495,-0.00495
2011-02-28,2011-03-31,9.546819666704074e-09,0.0,1.0,0.0036000000000000008,0.0083,0.0083,True,False,0.14508068455902498,0,0.0,0.0083,0.0083,0.0083,0.0083
2011-03-31,2011-04-30,2.3848664582277253e-11,0.0,1.0,-0.014849999999999999,0.0013000000000000008,0.0013000000000000008,True,False,0.1450951593325837,0,0.0,0.0013000000000000008,0.0013000000000000008,0.0013000000000000008,0.0013000000000000008
2011-04-30,2011-05-31,1.29153037252238e-12,0.0,1.0,-0.01285,0.002449999999999999,0.002449999999999999,True,False,0.14515331403440107,0,0.0,0.002449999999999999,0.002449999999999999,0.002449999999999999,0.002449999999999999
2011-05-31,2011-06-30,1.501735330548276e-12,0.0,1.0,-0.0007000000000000001,0.004250000000000001,0.004250000000000001,True,False,0.14520779142553641,0,0.0,0.004250000000000001,0.004250000000000001,0.004250000000000001,0.004250000000000001
2011-06-30,2011-07-31,1.867365978650569e-11,0.0,1.0,-0.010100000000000001,0.004750000000000001,0.004750000000000001,True,False,0.14522254259436485,0,0.0,0.004750000000000001,0.004750000000000001,0.004750000000000001,0.004750000000000001
2011-07-31,2011-08-31,1.4469382388154998e-12,0.0,1.0,-0.0276,0.01575,0.01575,True,False,0.14527463144673652,0,0.0,0.01575,0.01575,0.01575,0.01575
2011-08-31,2011-09-30,1.3284415603120515e-15,0.0,1.0,-0.0251,0.010700000000000001,0.010700000000000001,True,False,0.1454318483682149,0,0.0,0.010700000000000001,0.010700000000000001,0.010700000000000001,0.010700000000000001
2011-09-30,2011-10-31,9.685603121285508e-15,0.0,1.0,0.016550000000000002,-0.0149,-0.0149,True,False,0.1455602614748982,0,0.0,-0.0149,-0.0149,-0.0149,-0.0149
2011-10-31,2011-11-30,2.0248514198573392e-07,0.0,1.0,-0.0040999999999999995,0.0169,0.0169,True,False,0.14543445983314032,0,0.0,0.0169,0.0169,0.0169,0.0169
2011-11-30,2011-12-31,4.098023175400633e-13,0.0,1.0,0.00625,0.017650000000000002,0.017650000000000002,True,False,0.1455077079037238,0,0.0,0.017650000000000002,0.017650000000000002,0.017650000000000002,0.017650000000000002
2011-12-31,2012-01-31,4.198068082147768e-12,0.0,1.0,0.005449999999999999,-0.0177,-0.0177,True,False,0.14554497968611033,0,0.0,-0.0177,-0.0177,-0.0177,-0.0177
2012-01-31,2012-02-29,2.402271341042484e-08,0.0,1.0,-0.00625,-0.0022,-0.0022,True,False,0.1454523877984815,0,0.0,-0.0022,-0.0022,-0.0022,-0.0022
2012-02-29,2012-03-31,2.4604597213696404e-11,0.0,1.0,0.0035499999999999998,0.0004499999999999999,0.0004499999999999999,True,False,0.14546244469457734,0,0.0,0.0004499999999999999,0.0004499999999999999,0.0004499999999999999,0.0004499999999999999
2012-03-31,2012-04-30,1.389082364038669e-10,0.0,1.0,-0.00635,0.0098,0.0098,True,False,0.14544594709138062,0,0.0,0.0098,0.0098,0.0098,0.0098
2012-04-30,2012-05-31,1.0217614920470215e-12,0.0,1.0,-0.00515,0.021949999999999997,0.021949999999999997,True,False,0.14550018722934419,0,0.0,0.021949999999999997,0.021949999999999997,0.021949999999999997,0.021949999999999997
2012-05-31,2012-06-30,6.425136440387478e-14,0.0,1.0,0.0072,-0.0030499999999999998,-0.0030499999999999998,True,False,0.14559351266705678,0,0.0,-0.0030499999999999998,-0.0030499999999999998,-0.0030499999999999998,-0.0030499999999999998
2012-06-30,2012-07-31,7.762947046592886e-10,0.0,1.0,-0.01435,0.0052499999999999995,0.0052499999999999995,True,False,0.145550362931178,0,0.0,0.0052499999999999995,0.0052499999999999995,0.0052499999999999995,0.0052499999999999995
2012-07-31,2012-08-31,3.8352475251603354e-13,0.0,1.0,0.00835,-0.0118,-0.0118,True,False,0.14561600881209535,0,0.0,-0.0118,-0.0118,-0.0118,-0.0118
2012-08-31,2012-09-30,9.204542122448651e-09,0.0,1.0,0.010950000000000001,0.0013,0.0013,True,False,0.14553660684224215,0,0.0,0.0013,0.0013,0.0013,0.0013
2012-09-30,2012-10-31,6.080365192655636e-10,0.0,1.0,0.01345,0.005600000000000001,0.005600000000000001,True,False,0.14549629941791575,0,0.0,0.005600000000000001,0.005600000000000001,0.005600000000000001,0.005600000000000001
2012-10-31,2012-11-30,3.6416446207956833e-10,0.0,1.0,-0.0023,0.00595,0.00595,True,False,0.14546281769464478,0,0.0,0.00595,0.00595,0.00595,0.00595
2012-11-30,2012-12-31,5.5391355217727334e-12,0.0,1.0,0.026999999999999996,-0.0046,-0.0046,True,False,0.14548747886869692,0,0.0,-0.0046,-0.0046,-0.0046,-0.0046
2012-12-31,2013-01-31,1.5519477430347026e-07,0.0,1.0,0.00715,-0.002449999999999998,-0.002449999999999998,True,False,0.14536768103552727,0,0.0,-0.002449999999999998,-0.002449999999999998,-0.002449999999999998,-0.002449999999999998
2013-01-31,2013-02-28,5.375338800257637e-10,0.0,1.0,-0.0002000000000000001,9.999999999999983e-05,9.999999999999983e-05,True,False,0.14532869418579986,0,0.0,9.999999999999983e-05,9.999999999999983e-05,9.999999999999983e-05,9.999999999999983e-05
2013-02-28,2013-03-31,3.978321726291091e-11,0.0,1.0,0.0033,0.0084,0.0084,True,False,0.14532535371386016,0,0.0,0.0084,0.0084,0.0084,0.0084
2013-03-31,2013-04-30,1.0780038384425835e-11,0.0,1.0,-0.009000000000000001,0.0041,0.0041,True,False,0.14533901813186934,0,0.0,0.0041,0.0041,0.0041,0.0041
2013-04-30,2013-05-31,1.2856534328170634e-12,0.0,1.0,0.02355,-0.01475,-0.01475,True,False,0.14538064824997807,0,0.0,-0.01475,-0.01475,-0.01475,-0.01475
2013-05-31,2013-06-30,7.920641266958884e-07,0.0,1.0,0.00745,-0.0017000000000000001,-0.0017000000000000001,True,False,0.14523897848650444,0,0.0,-0.0017000000000000001,-0.0017000000000000001,-0.0017000000000000001,-0.0017000000000000001
2013-06-30,2013-07-31,4.246832453621257e-10,0.0,1.0,0.01165,-0.003900000000000001,-0.003900000000000001,True,False,0.1452026846207419,0,0.0,-0.003900000000000001,-0.003900000000000001,-0.003900000000000001,-0.003900000000000001
2013-07-31,2013-08-31,2.1379564802723637e-09,0.0,1.0,-0.013800000000000002,-0.007300000000000001,-0.007300000000000001,True,False,0.14514402019060452,0,0.0,-0.007300000000000001,-0.007300000000000001,-0.007300000000000001,-0.007300000000000001
2013-08-31,2013-09-30,6.7871123476908214e-12,0.0,1.0,0.00735,-0.0093,-0.0093,True,False,0.14516291384144211,0,0.0,-0.0093,-0.0093,-0.0093,-0.0093
2013-09-30,2013-10-31,2.6272797033572506e-09,0.0,1.0,-0.0014000000000000002,0.0182,0.0182,True,False,0.14510090733255188,0,0.0,0.0182,0.0182,0.0182,0.0182
2013-10-31,2013-11-30,2.127158609376224e-13,0.0,1.0,0.00815,0.0015999999999999999,0.0015999999999999999,True,False,0.14516470198714576,0,0.0,0.0015999999999999999,0.0015999999999999999,0.0015999999999999999,0.0015999999999999999
2013-11-30,2013-12-31,1.7712425394285848e-10,0.0,1.0,-0.0022,-0.0024999999999999996,-0.0024999999999999996,True,False,0.1451382797456846,0,0.0,-0.0024999999999999996,-0.0024999999999999996,-0.0024999999999999996,-0.0024999999999999996
2013-12-31,2014-01-31,3.258075710736829e-11,0.0,1.0,-0.0069500000000000004,-0.027250000000000003,-0.027250000000000003,True,False,0.1451335814081146,0,0.0,-0.027250000000000003,-0.027250000000000003,-0.027250000000000003,-0.027250000000000003
2014-01-31,2014-02-28,5.936349084567886e-09,0.0,1.0,-0.0010999999999999998,-0.00395,-0.00395,True,False,0.145059810060458,0,0.0,-0.00395,-0.00395,-0.00395,-0.00395
2014-02-28,2014-03-31,5.863317709565001e-11,0.0,1.0,0.018850000000000002,0.0197,0.0197,True,False,0.1450466749817914,0,0.0,0.0197,0.0197,0.0197,0.0197
2014-03-31,2014-04-30,2.0775327479383385e-11,0.0,1.0,-0.01425,0.021650000000000003,0.021650000000000003,True,False,0.1450462274437599,0,0.0,0.021650000000000003,0.021650000000000003,0.021650000000000003,0.021650000000000003
2014-04-30,2014-05-31,2.3036017103038683e-15,0.0,1.0,-0.009800000000000001,-0.0052499999999999995,-0.0052499999999999995,True,False,0.14516303246811277,0,0.0,-0.0052499999999999995,-0.0052499999999999995,-0.0052499999999999995,-0.0052499999999999995
2014-05-31,2014-06-30,7.896548869016993e-12,0.0,1.0,0.011750000000000002,-0.0187,-0.0187,True,False,0.14517467934824554,0,0.0,-0.0187,-0.0187,-0.0187,-0.0187
2014-06-30,2014-07-31,7.956944351939843e-08,0.0,1.0,-0.021400000000000002,0.007200000000000001,0.007200000000000001,True,False,0.14506713142205563,0,0.0,0.007200000000000001,0.007200000000000001,0.007200000000000001,0.007200000000000001
2014-07-31,2014-08-31,1.5674608165815433e-14,0.0,1.0,-0.0013999999999999998,-0.00665,-0.00665,True,False,0.14515877699261154,0,0.0,-0.00665,-0.00665,-0.00665,-0.00665
2014-08-31,2014-09-30,1.0412838433944258e-10,0.0,1.0,-0.02565,0.00305,0.00305,True,False,0.14513750335176076,0,0.0,0.00305,0.00305,0.00305,0.00305
2014-09-30,2014-10-31,1.4358648198717607e-14,0.0,1.0,0.010150000000000001,-0.0009000000000000002,-0.0009000000000000002,True,False,0.14522862472424847,0,0.0,-0.0009000000000000002,-0.0009000000000000002,-0.0009000000000000002,-0.0009000000000000002
2014-10-31,2014-11-30,4.652500748824782e-10,0.0,1.0,-0.02715,0.008550000000000002,0.008550000000000002,True,False,0.1451878550397103,0,0.0,0.008550000000000002,0.008550000000000002,0.008550000000000002,0.008550000000000002
2014-11-30,2014-12-31,2.3484997224369024e-15,0.0,1.0,0.02475,-0.0015499999999999993,-0.0015499999999999993,True,False,0.14530083652989173,0,0.0,-0.0015499999999999993,-0.0015499999999999993,-0.0015499999999999993,-0.0015499999999999993
2014-12-31,2015-01-31,2.70623210293863e-08,0.0,1.0,-0.021900000000000003,-0.0002999999999999982,-0.0002999999999999982,True,False,0.14520903036614094,0,0.0,-0.0002999999999999982,-0.0002999999999999982,-0.0002999999999999982,-0.0002999999999999982
2015-01-31,2015-02-28,9.500448474869567e-14,0.0,1.0,-0.00715,-0.014250000000000002,-0.014250000000000002,True,False,0.14527578141968983,0,0.0,-0.014250000000000002,-0.014250000000000002,-0.014250000000000002,-0.014250000000000002
2015-02-28,2015-03-31,1.6614335265234374e-10,0.0,1.0,0.0135,-0.00275,-0.00275,True,False,0.14524843764845394,0,0.0,-0.00275,-0.00275,-0.00275,-0.00275
2015-03-31,2015-04-30,1.7906820851104689e-09,0.0,1.0,-0.006049999999999998,-0.00285,-0.00285,True,False,0.14519108210960202,0,0.0,-0.00285,-0.00285,-0.00285,-0.00285
2015-04-30,2015-05-31,1.005403880729575e-11,0.0,1.0,-0.0014500000000000008,-0.01295,-0.01295,True,False,0.14519780224105053,0,0.0,-0.01295,-0.01295,-0.01295,-0.01295
2015-05-31,2015-06-30,4.66720735479611e-10,0.0,1.0,0.0104,-0.00595,-0.00595,True,False,0.14515656082545925,0,0.0,-0.00595,-0.00595,-0.00595,-0.00595
2015-06-30,2015-07-31,1.6394642882543039e-09,0.0,1.0,-0.0437,-0.01065,-0.01065,True,False,0.1450997100492772,0,0.0,-0.01065,-0.01065,-0.01065,-0.01065
2015-07-31,2015-08-31,3.678021047399304e-15,0.0,1.0,0.0152,0.00975,0.00975,True,False,0.1452017625033171,0,0.0,0.00975,0.00975,0.00975,0.00975
2015-08-31,2015-09-30,9.067158299513968e-11,0.0,1.0,-0.011249999999999998,0.0060500000000000016,0.0060500000000000016,True,False,0.1451804885570142,0,0.0,0.0060500000000000016,0.0060500000000000016,0.0060500000000000016,0.0060500000000000016
2015-09-30,2015-10-31,2.0926753238202248e-13,0.0,1.0,-0.01265,0.0078,0.0078,True,False,0.1452320145642244,0,0.0,0.0078,0.0078,0.0078,0.0078
2015-10-31,2015-11-30,8.780928744321835e-14,0.0,1.0,0.014350000000000002,-0.01855,-0.01855,True,False,0.14529314329584053,0,0.0,-0.01855,-0.01855,-0.01855,-0.01855
2015-11-30,2015-12-31,1.30146732675188e-07,0.0,1.0,-0.0276,0.0023,0.0023,True,False,0.14518307312468007,0,0.0,0.0023,0.0023,0.0023,0.0023
2015-12-31,2016-01-31,8.151752808514457e-15,0.0,1.0,-0.0068000000000000005,0.02915,0.02915,True,False,0.14527345622751298,0,0.0,0.02915,0.02915,0.02915,0.02915
2016-01-31,2016-02-29,1.8088921623281523e-15,0.0,1.0,0.0013,0.02625,0.02625,True,False,0.14538196313138513,0,0.0,0.02625,0.02625,0.02625,0.02625
2016-02-29,2016-03-31,3.262159262019975e-14,0.0,1.0,0.011099999999999999,0.0034500000000000004,0.0034500000000000004,True,False,0.1454558110404967,0,0.0,0.0034500000000000004,0.0034500000000000004,0.0034500000000000004,0.0034500000000000004
2016-03-31,2016-04-30,1.6857916337895053e-10,0.0,1.0,0.02225,-0.0054,-0.0054,True,False,0.1454272566286132,0,0.0,-0.0054,-0.0054,-0.0054,-0.0054
2016-04-30,2016-05-31,3.3786677637679586e-08,0.0,1.0,-0.011200000000000002,-0.0182,-0.0182,True,False,0.1453353510975618,0,0.0,-0.0182,-0.0182,-0.0182,-0.0182
2016-05-31,2016-06-30,1.384133565597106e-10,0.0,1.0,-0.005350000000000001,0.01675,0.01675,True,False,0.14530938236955204,0,0.0,0.01675,0.01675,0.01675,0.01675
2016-06-30,2016-07-31,6.145212711646e-14,0.0,1.0,0.006150000000000002,0.0007500000000000007,0.0007500000000000007,True,False,0.1453738057774368,0,0.0,0.0007500000000000007,0.0007500000000000007,0.0007500000000000007,0.0007500000000000007
2016-07-31,2016-08-31,8.464724360794343e-11,0.0,1.0,0.024149999999999998,-0.01105,-0.01105,True,False,0.1453528666564692,0,0.0,-0.01105,-0.01105,-0.01105,-0.01105
2016-08-31,2016-09-30,2.3866849600482264e-07,0.0,1.0,0.003100000000000001,-0.01075,-0.01075,True,False,0.14523839542417785,0,0.0,-0.01075,-0.01075,-0.01075,-0.01075
2016-09-30,2016-10-31,8.228972000961106e-10,0.0,1.0,0.00045000000000000595,0.0062,0.0062,True,False,0.14519172031932973,0,0.0,0.0062,0.0062,0.0062,0.0062
2016-10-31,2016-11-30,4.3257100893658725e-12,0.0,1.0,0.07624999999999998,0.01735,0.01735,True,False,0.14520585317083515,0,0.0,0.01735,0.01735,0.01735,0.01735
2016-11-30,2016-12-31,0.00012573557995204152,0.0,1.0,0.01955,0.0046,0.0046,True,False,0.145006990298609,0,0.0,0.0046,0.0046,0.0046,0.0046
2016-12-31,2017-01-31,1.3089007827096727e-09,0.0,1.0,-0.020999999999999998,-0.00785,-0.00785,True,False,0.14495813475761113,0,0.0,-0.00785,-0.00785,-0.00785,-0.00785
2017-01-31,2017-02-28,8.156461449528166e-13,0.0,1.0,-0.019,-0.006750000000000001,-0.006750000000000001,True,False,0.144995328538868,0,0.0,-0.006750000000000001,-0.006750000000000001,-0.006750000000000001,-0.006750000000000001
2017-02-28,2017-03-31,9.75359587270405e-13,0.0,1.0,-0.012900000000000002,-0.0015999999999999999,-0.0015999999999999999,True,False,0.1450295855316816,0,0.0,-0.0015999999999999999,-0.0015999999999999999,-0.0015999999999999999,-0.0015999999999999999
2017-03-31,2017-04-30,1.1804566407064668e-12,0.0,1.0,-0.008199999999999999,0.0009499999999999995,0.0009499999999999995,True,False,0.1450607801063746,0,0.0,0.0009499999999999995,0.0009499999999999995,0.0009499999999999995,0.0009499999999999995
2017-04-30,2017-05-31,1.9540406784726096e-12,0.0,1.0,-0.03405,-0.0033500000000000005,-0.0033500000000000005,True,False,0.14508534086542005,0,0.0,-0.0033500000000000005,-0.0033500000000000005,-0.0033500000000000005,-0.0033500000000000005
2017-05-31,2017-06-30,6.933343766716872e-15,0.0,1.0,0.0201,-0.011099999999999999,-0.011099999999999999,True,False,0.14517361570936635,0,0.0,-0.011099999999999999,-0.011099999999999999,-0.011099999999999999,-0.011099999999999999
2017-06-30,2017-07-31,8.454007050006365e-08,0.0,1.0,-0.009349999999999999,-0.0045,-0.0045,True,False,0.14507546385117506,0,0.0,-0.0045,-0.0045,-0.0045,-0.0045
2017-07-31,2017-08-31,6.201282145663388e-12,0.0,1.0,-0.019799999999999998,-0.0109,-0.0109,True,False,0.14508695587846085,0,0.0,-0.0109,-0.0109,-0.0109,-0.0109
2017-08-31,2017-09-30,2.010491304247871e-12,0.0,1.0,0.03955,0.000449999999999999,0.000449999999999999,True,False,0.14511039671062473,0,0.0,0.000449999999999999,0.000449999999999999,0.000449999999999999,0.000449999999999999
2017-09-30,2017-10-31,6.6234717407958e-07,0.0,1.0,-0.0089,-0.011100000000000002,-0.011100000000000002,True,False,0.14498908428968357,0,0.0,-0.011100000000000002,-0.011100000000000002,-0.011100000000000002,-0.011100000000000002
2017-10-31,2017-11-30,3.9418997225829174e-11,0.0,1.0,-0.00235,0.015449999999999998,0.015449999999999998,True,False,0.14497982627040318,0,0.0,0.015449999999999998,0.015449999999999998,0.015449999999999998,0.015449999999999998
2017-11-30,2017-12-31,1.9725139349967377e-13,0.0,1.0,-0.005,0.0126,0.0126,True,False,0.14502942712513467,0,0.0,0.0126,0.0126,0.0126,0.0126
2017-12-31,2018-01-31,1.9965038008011022e-13,0.0,1.0,-0.022649999999999997,-0.009000000000000001,-0.009000000000000001,True,False,0.14507815076677277,0,0.0,-0.009000000000000001,-0.009000000000000001,-0.009000000000000001,-0.009000000000000001
2018-01-31,2018-02-28,5.373613687766889e-13,0.0,1.0,-0.0038000000000000004,-0.00915,-0.00915,True,False,0.14511510982723763,0,0.0,-0.00915,-0.00915,-0.00915,-0.00915
2018-02-28,2018-03-31,7.775488175673213e-11,0.0,1.0,0.017,-0.0016499999999999998,-0.0016499999999999998,True,False,0.14509631375293758,0,0.0,-0.0016499999999999998,-0.0016499999999999998,-0.0016499999999999998,-0.0016499999999999998
2018-03-31,2018-04-30,2.60196627278674e-09,0.0,1.0,0.0071,-0.0059,-0.0059,True,False,0.14503837321142565,0,0.0,-0.0059,-0.0059,-0.0059,-0.0059
2018-04-30,2018-05-31,5.623680628594585e-10,0.0,1.0,0.00785,-0.017349999999999997,-0.017349999999999997,True,False,0.14499743664889178,0,0.0,-0.017349999999999997,-0.017349999999999997,-0.017349999999999997,-0.017349999999999997
2018-05-31,2018-06-30,1.4427036796113946e-08,0.0,1.0,-0.0078000000000000005,0.00515,0.00515,True,False,0.1449207471285899,0,0.0,0.00515,0.00515,0.00515,0.00515
2018-06-30,2018-07-31,5.492695499698073e-13,0.0,1.0,-0.007199999999999999,0.0092,0.0092,True,False,0.14495560863924598,0,0.0,0.0092,0.0092,0.0092,0.0092
2018-07-31,2018-08-31,2.100483358681566e-13,0.0,1.0,-0.016300000000000002,-0.014299999999999998,-0.014299999999999998,True,False,0.1450001279969252,0,0.0,-0.014299999999999998,-0.014299999999999998,-0.014299999999999998,-0.014299999999999998
2018-08-31,2018-09-30,9.185184010276728e-12,0.0,1.0,-0.020550000000000002,0.01005,0.01005,True,False,0.14500317076877142,0,0.0,0.01005,0.01005,0.01005,0.01005
2018-09-30,2018-10-31,4.567526290222511e-15,0.0,1.0,-0.005000000000000001,0.023150000000000004,0.023150000000000004,True,False,0.14508738325341117,0,0.0,0.023150000000000004,0.023150000000000004,0.023150000000000004,0.023150000000000004
2018-10-31,2018-11-30,8.945482093676658e-15,0.0,1.0,-0.0022500000000000007,-0.0010499999999999997,-0.0010499999999999997,True,False,0.14516424039575723,0,0.0,-0.0010499999999999997,-0.0010499999999999997,-0.0010499999999999997,-0.0010499999999999997
2018-11-30,2018-12-31,1.1220056394408467e-11,0.0,1.0,-0.023649999999999997,0.00105,0.00105,True,False,0.14516450509037604,0,0.0,0.00105,0.00105,0.00105,0.00105
2018-12-31,2019-01-31,2.0677518548709092e-14,0.0,1.0,0.0126,-0.0119,-0.0119,True,False,0.14523106687373838,0,0.0,-0.0119,-0.0119,-0.0119,-0.0119
2019-01-31,2019-02-28,1.0931816076742865e-08,0.0,1.0,-0.004700000000000001,-0.0069,-0.0069,True,False,0.14515749193507163,0,0.0,-0.0069,-0.0069,-0.0069,-0.0069
2019-02-28,2019-03-31,2.6565805819796675e-11,0.0,1.0,-0.0383,-0.00010000000000000026,-0.00010000000000000026,True,False,0.14514812980163774,0,0.0,-0.00010000000000000026,-0.00010000000000000026,-0.00010000000000000026,-0.00010000000000000026
2019-03-31,2019-04-30,5.865206912186364e-16,0.0,1.0,0.0049,-0.00285,-0.00285,True,False,0.1452514197695781,0,0.0,-0.00285,-0.00285,-0.00285,-0.00285
2019-04-30,2019-05-31,1.209724264848801e-10,0.0,1.0,-0.020050000000000002,0.006400000000000001,0.006400000000000001,True,False,0.14522615799951993,0,0.0,0.006400000000000001,0.006400000000000001,0.006400000000000001,0.006400000000000001
2019-05-31,2019-06-30,1.2772203598708858e-14,0.0,1.0,-0.0022500000000000003,-0.0005,-0.0005,True,False,0.14529643151781815,0,0.0,-0.0005,-0.0005,-0.0005,-0.0005
2019-06-30,2019-07-31,9.006048752342167e-12,0.0,1.0,-0.0066,0.0012000000000000001,0.0012000000000000001,True,False,0.14529784912974242,0,0.0,0.0012000000000000001,0.0012000000000000001,0.0012000000000000001,0.0012000000000000001
2019-07-31,2019-08-31,1.6716664592716537e-12,0.0,1.0,-0.0401,-0.0004499999999999999,-0.0004499999999999999,True,False,0.1453160931613504,0,0.0,-0.0004499999999999999,-0.0004499999999999999,-0.0004499999999999999,-0.0004499999999999999
2019-08-31,2019-09-30,3.5781034332674277e-16,0.0,1.0,0.03525,0.026,0.026,True,False,0.14542139338334542,0,0.0,0.026,0.026,0.026,0.026
2019-09-30,2019-10-31,1.7155435662396798e-10,0.0,1.0,-0.00835,-0.003,-0.003,True,False,0.1453918168591962,0,0.0,-0.003,-0.003,-0.003,-0.003
2019-10-31,2019-11-30,3.1918377375227808e-12,0.0,1.0,-0.00805,-0.0139,-0.0139,True,False,0.14540289292874486,0,0.0,-0.0139,-0.0139,-0.0139,-0.0139
2019-11-30,2019-12-31,6.234996423134271e-11,0.0,1.0,0.0136,0.0062,0.0062,True,False,0.145382963091266,0,0.0,0.0062,0.0062,0.0062,0.0062
2019-12-31,2020-01-31,9.069246175678622e-11,0.0,1.0,-0.05295,-0.0169,-0.0169,True,False,0.14535884730459492,0,0.0,-0.0169,-0.0169,-0.0169,-0.0169
2020-01-31,2020-02-29,7.677496542541567e-16,0.0,1.0,-0.018699999999999998,-0.019799999999999998,-0.019799999999999998,True,False,0.1454529834490066,0,0.0,-0.019799999999999998,-0.019799999999999998,-0.019799999999999998,-0.019799999999999998
2020-02-29,2020-03-31,1.6572403243014098e-11,0.0,1.0,-0.11005000000000001,-0.0021000000000000003,-0.0021000000000000003,True,False,0.14544612060690693,0,0.0,-0.0021000000000000003,-0.0021000000000000003,-0.0021000000000000003,-0.0021000000000000003
2020-03-31,2020-04-30,2.938933942302245e-23,0.0,1.0,0.006149999999999998,0.0087,0.0087,True,False,0.14572528769270668,0,0.0,0.0087,0.0087,0.0087,0.0087
2020-04-30,2020-05-31,1.6507650474446572e-11,0.0,1.0,-0.015400000000000002,-0.011000000000000003,-0.011000000000000003,True,False,0.14572772084978117,0,0.0,-0.011000000000000003,-0.011000000000000003,-0.011000000000000003,-0.011000000000000003
2020-05-31,2020-06-30,9.687927496201262e-12,0.0,1.0,-0.0011000000000000003,0.0034500000000000004,0.0034500000000000004,True,False,0.14573514543526228,0,0.0,0.0034500000000000004,0.0034500000000000004,0.0034500000000000004,0.0034500000000000004
2020-06-30,2020-07-31,8.813271107587285e-12,0.0,1.0,-0.023149999999999997,0.00675,0.00675,True,False,0.14574293018085618,0,0.0,0.00675,0.00675,0.00675,0.00675
2020-07-31,2020-08-31,1.2559896237661504e-14,0.0,1.0,-0.01955,0.013799999999999996,0.013799999999999996,True,False,0.14581823136589125,0,0.0,0.013799999999999996,0.013799999999999996,0.013799999999999996,0.013799999999999996
2020-08-31,2020-09-30,5.381147325854313e-15,0.0,1.0,-0.01365,-0.01655,-0.01655,True,False,0.14590218765802687,0,0.0,-0.01655,-0.01655,-0.01655,-0.01655
2020-09-30,2020-10-31,6.091568446666211e-11,0.0,1.0,0.0446,-0.006699999999999999,-0.006699999999999999,True,False,0.14588946693690102,0,0.0,-0.006699999999999999,-0.006699999999999999,-0.006699999999999999,-0.006699999999999999
2020-10-31,2020-11-30,1.8035593117038528e-05,0.0,1.0,0.04605,-0.004849999999999999,-0.004849999999999999,True,False,0.14574283822181142,0,0.0,-0.004849999999999999,-0.004849999999999999,-0.004849999999999999,-0.004849999999999999
2020-11-30,2020-12-31,1.6904894628712036e-05,0.0,1.0,0.01625,-0.01015,-0.01015,True,False,0.1455981233993633,0,0.0,-0.01015,-0.01015,-0.01015,-0.01015
2020-12-31,2021-01-31,3.412631980008718e-08,0.0,1.0,0.05015,0.006599999999999998,0.006599999999999998,True,False,0.145523016147888,0,0.0,0.006599999999999998,0.006599999999999998,0.006599999999999998,0.006599999999999998
2021-01-31,2021-02-28,2.712824177517626e-06,0.0,1.0,0.0585,-0.0083,-0.0083,True,False,0.1454011827401302,0,0.0,-0.0083,-0.0083,-0.0083,-0.0083
2021-02-28,2021-03-31,0.0009371660324386668,0.0,1.0,0.032549999999999996,0.049350000000000005,0.049350000000000005,True,False,0.14514281985322777,0,0.0,0.049350000000000005,0.049350000000000005,0.049350000000000005,0.049350000000000005
2021-03-31,2021-04-30,1.0514265997855342e-12,0.0,1.0,-0.020900000000000002,-0.00145,-0.00145,True,False,0.14518372991073877,0,0.0,-0.00145,-0.00145,-0.00145,-0.00145
2021-04-30,2021-05-31,5.308089761845198e-13,0.0,1.0,0.041550000000000004,0.026749999999999996,0.026749999999999996,True,False,0.14523140490654532,0,0.0,0.026749999999999996,0.026749999999999996,0.026749999999999996,0.026749999999999996
2021-05-31,2021-06-30,2.4365243009663764e-09,0.0,1.0,-0.0408,-0.015350000000000003,-0.015350000000000003,True,False,0.14518978914009362,0,0.0,-0.015350000000000003,-0.015350000000000003,-0.015350000000000003,-0.015350000000000003
2021-06-30,2021-07-31,1.1561279937967028e-13,0.0,1.0,-0.0317,0.02455,0.02455,True,False,0.1452524081935616,0,0.0,0.02455,0.02455,0.02455,0.02455
2021-07-31,2021-08-31,7.840344596092788e-17,0.0,1.0,-0.00445,-0.009899999999999999,-0.009899999999999999,True,False,0.14539091246869149,0,0.0,-0.009899999999999999,-0.009899999999999999,-0.009899999999999999,-0.009899999999999999
2021-08-31,2021-09-30,2.7461156994084264e-10,0.0,1.0,0.031200000000000002,0.00040000000000000105,0.00040000000000000105,True,False,0.1453736800605643,0,0.0,0.00040000000000000105,0.00040000000000000105,0.00040000000000000105,0.00040000000000000105
2021-09-30,2021-10-31,1.4015979744624608e-07,0.0,1.0,-0.01615,0.0008500000000000001,0.0008500000000000001,True,False,0.14528983010648414,0,0.0,0.0008500000000000001,0.0008500000000000001,0.0008500000000000001,0.0008500000000000001
2021-10-31,2021-11-30,1.1162452071773774e-12,0.0,1.0,-0.010350000000000002,0.04445,0.04445,True,False,0.14533031429998294,0,0.0,0.04445,0.04445,0.04445,0.04445
2021-11-30,2021-12-31,1.397822822977029e-16,0.0,1.0,0.01235,0.04585,0.04585,True,False,0.14546368990052805,0,0.0,0.04585,0.04585,0.04585,0.04585
2021-12-31,2022-01-31,2.5765032038417237e-14,0.0,1.0,0.04425,0.0425,0.0425,True,False,0.14554453448806481,0,0.0,0.0425,0.0425,0.0425,0.0425
2022-01-31,2022-02-28,1.2843253140608825e-10,0.0,1.0,0.0296,0.004999999999999999,0.004999999999999999,True,False,0.14553662346048662,0,0.0,0.004999999999999999,0.004999999999999999,0.004999999999999999,0.004999999999999999
2022-02-28,2022-03-31,3.3420930669657415e-08,0.0,1.0,-0.02005,0.008549999999999999,0.008549999999999999,True,False,0.14546974216853772,0,0.0,0.008549999999999999,0.008549999999999999,0.008549999999999999,0.008549999999999999
2022-03-31,2022-04-30,8.082002491719873e-14,0.0,1.0,0.029149999999999995,0.04665,0.04665,True,False,0.14553795175621126,0,0.0,0.04665,0.04665,0.04665,0.04665
2022-04-30,2022-05-31,1.1589441875223687e-12,0.0,1.0,0.04205,0.0275,0.0275,True,False,0.1455784225612713,0,0.0,0.0275,0.0275,0.0275,0.0275
2022-05-31,2022-06-30,2.7879556011964996e-09,0.0,1.0,-0.02335,-0.0141,-0.0141,True,False,0.14553787690849462,0,0.0,-0.0141,-0.0141,-0.0141,-0.0141
2022-06-30,2022-07-31,7.995296317734635e-12,0.0,1.0,-0.011850000000000001,-0.030399999999999996,-0.030399999999999996,True,False,0.14555766099885684,0,0.0,-0.030399999999999996,-0.030399999999999996,-0.030399999999999996,-0.030399999999999996
2022-07-31,2022-08-31,7.060155357030943e-09,0.0,1.0,0.00835,-0.017300000000000003,-0.017300000000000003,True,False,0.14550712500268426,0,0.0,-0.017300000000000003,-0.017300000000000003,-0.017300000000000003,-0.017300000000000003
2022-08-31,2022-09-30,4.01545002786264e-08,0.0,1.0,-0.0047,-0.010700000000000001,-0.010700000000000001,True,False,0.14543860378860157,0,0.0,-0.010700000000000001,-0.010700000000000001,-0.010700000000000001,-0.010700000000000001
2022-09-30,2022-10-31,3.1715630109354185e-10,0.0,1.0,0.0489,0.0485,0.0485,True,False,0.14542040604309817,0,0.0,0.0485,0.0485,0.0485,0.0485
2022-10-31,2022-11-30,7.682370352811014e-11,0.0,1.0,-0.00635,0.04725,0.04725,True,False,0.14541631135040003,0,0.0,0.04725,0.04725,0.04725,0.04725
2022-11-30,2022-12-31,1.7396609541740372e-16,0.0,1.0,0.00575,0.023000000000000003,0.023000000000000003,True,False,0.14554276361636026,0,0.0,0.023000000000000003,0.023000000000000003,0.023000000000000003,0.023000000000000003
2022-12-31,2023-01-31,1.172606591405648e-12,0.0,1.0,0.0022499999999999985,-0.03425,-0.03425,True,False,0.14558180102368443,0,0.0,-0.03425,-0.03425,-0.03425,-0.03425
2023-01-31,2023-02-28,5.939058799973065e-07,0.0,1.0,-0.0011000000000000003,-0.0027,-0.0027,True,False,0.1454861379948173,0,0.0,-0.0027,-0.0027,-0.0027,-0.0027
2023-02-28,2023-03-31,1.1819613661468144e-10,0.0,1.0,-0.07970000000000001,0.0008500000000000001,0.0008500000000000001,True,False,0.14547896246430167,0,0.0,0.0008500000000000001,0.0008500000000000001,0.0008500000000000001,0.0008500000000000001
2023-03-31,2023-04-30,5.516762810716888e-19,0.0,1.0,-0.013449999999999998,0.02635,0.02635,True,False,0.14566552102832594,0,0.0,0.02635,0.02635,0.02635,0.02635
2023-04-30,2023-05-31,9.826180791638472e-15,0.0,1.0,-0.0411,-0.0443,-0.0443,True,False,0.14575752981532497,0,0.0,-0.0443,-0.0443,-0.0443,-0.0443
2023-05-31,2023-06-30,2.578453482789404e-10,0.0,1.0,0.00575,0.003899999999999999,0.003899999999999999,True,False,0.1457458577414695,0,0.0,0.003899999999999999,0.003899999999999999,0.003899999999999999,0.003899999999999999
2023-06-30,2023-07-31,1.7911697370119255e-10,0.0,1.0,0.0346,0.00035000000000000005,0.00035000000000000005,True,False,0.1457375441828104,0,0.0,0.00035000000000000005,0.00035000000000000005,0.00035000000000000005,0.00035000000000000005
2023-07-31,2023-08-31,4.161630323182624e-07,0.0,1.0,-0.024,0.004700000000000001,0.004700000000000001,True,False,0.14564867554251087,0,0.0,0.004700000000000001,0.004700000000000001,0.004700000000000001,0.004700000000000001
2023-08-31,2023-09-30,1.3121316483311064e-13,0.0,1.0,-0.00145,0.0055000000000000005,0.0055000000000000005,True,False,0.14571385584689545,0,0.0,0.0055000000000000005,0.0055000000000000005,0.0055000000000000005,0.0055000000000000005
2023-09-30,2023-10-31,2.2114554296195632e-11,0.0,1.0,-0.01915,0.0086,0.0086,True,False,0.14572696606948662,0,0.0,0.0086,0.0086,0.0086,0.0086
2023-10-31,2023-11-30,1.5498081293396544e-13,0.0,1.0,0.00735,-0.024050000000000002,-0.024050000000000002,True,False,0.14578940550710023,0,0.0,-0.024050000000000002,-0.024050000000000002,-0.024050000000000002,-0.024050000000000002
2023-11-30,2023-12-31,2.1035218009261323e-07,0.0,1.0,0.0608,-0.008400000000000001,-0.008400000000000001,True,False,0.14570842985714397,0,0.0,-0.008400000000000001,-0.008400000000000001,-0.008400000000000001,-0.008400000000000001
2023-12-31,2024-01-31,0.0016923525241635097,0.0,1.0,-0.0405,-0.0015,-0.0015,True,False,0.1454030408125158,0,0.0,-0.0015,-0.0015,-0.0015,-0.0015
2024-01-31,2024-02-29,1.984072884089991e-14,0.0,1.0,-0.02125,-0.021150000000000002,-0.021150000000000002,True,False,0.14548999700929688,0,0.0,-0.021150000000000002,-0.021150000000000002,-0.021150000000000002,-0.021150000000000002
2024-02-29,2024-03-31,1.6254542724094344e-10,0.0,1.0,0.01475,0.01235,0.01235,True,False,0.14548738179013299,0,0.0,0.01235,0.01235,0.01235,0.01235
2024-03-31,2024-04-30,2.7960420741879694e-10,0.0,1.0,-0.0152,0.004149999999999999,0.004149999999999999,True,False,0.14547887868529635,0,0.0,0.004149999999999999,0.004149999999999999,0.004149999999999999,0.004149999999999999
2024-04-30,2024-05-31,1.6789188259734318e-12,0.0,1.0,-0.0036000000000000003,0.001599999999999999,0.001599999999999999,True,False,0.14552093449823109,0,0.0,0.001599999999999999,0.001599999999999999,0.001599999999999999,0.001599999999999999
2024-05-31,2024-06-30,4.4093170540231594e-11,0.0,1.0,-0.038400000000000004,-0.006200000000000001,-0.006200000000000001,True,False,0.14553015643995904,0,0.0,-0.006200000000000001,-0.006200000000000001,-0.006200000000000001,-0.006200000000000001
2024-06-30,2024-07-31,7.967774526282998e-14,0.0,1.0,0.0698,0.0027,0.0027,True,False,0.14560092731448768,0,0.0,0.0027,0.0027,0.0027,0.0027
2024-07-31,2024-08-31,0.0010455853127756688,0.0,1.0,-0.02325,0.007899999999999999,0.007899999999999999,True,False,0.14535167205397165,0,0.0,0.007899999999999999,0.007899999999999999,0.007899999999999999,0.007899999999999999
2024-08-31,2024-09-30,1.555271105904486e-13,0.0,1.0,-0.0184,-0.0004499999999999999,-0.0004499999999999999,True,False,0.14541927834906018,0,0.0,-0.0004499999999999999,-0.0004499999999999999,-0.0004499999999999999,-0.0004499999999999999
